ID,Label,Num_Stress,Stress_ID,Block,Position,Base_Soil,MP,Drought,Herbicide,Antibiotic,Seed_1_Emergence_Date,Seed_2_Emergence_Date,June_11_Height_cm,June_18_Height_cm,June_25_Height_cm,Jul_2_Height_cm,July_9_Height_cm,July_15_Height_cm,Shoot_Biomass,Root_Biomass,File.Name,Region.of.Interest,Median.Number.of.Roots,Maximum.Number.of.Roots,Number.of.Root.Tips,Total.Root.Length.mm,Depth.mm,Maximum.Width.mm,Width-to-Depth.Ratio,Network.Area.mm2,Convex.Area.mm2,Solidity,Lower.Root.Area.mm2,Average.Diameter.mm,Maximum.Diameter.mm,Perimeter.mm,Volume.mm3,Surface.Area.mm2,Holes,Computation.Time.s,Average.Root.Orientation.deg,Shallow.Angle.Frequency,Medium.Angle.Frequency,Steep.Angle.Frequency,Root.Length.Diameter.Range.1.mm,Root.Length.Diameter.Range.2.mm,Projected.Area.Diameter.Range.1.mm2,Projected.Area.Diameter.Range.2.mm2,Surface.Area.Diameter.Range.1.mm2,Surface.Area.Diameter.Range.2.mm2,Volume.Diameter.Range.1.mm3,Volume.Diameter.Range.2.mm3,TOC_Batch,Broken_Tube_TOC,Date_of_TOC,TOC_Sample_ID,NPOC,NPOC_Unit,Vial,Date_Time
1,xxxx_1,0,Control,1,9,Untreated,Absence,Absence,Absence,Absence ,June_7,June_8,14.1,30.2,30.2,31.6,31.9,31.9,179.3,71.4,MO_001.jpg,roi_1,33,106,5111,19082.21491,285.538333,208.407,0.729874,5903.090344,59487.27798,0.099233,5522.080354,0.476534,4.663589,30125.02947,5883.762902,28034.18103,3180,3.665,46.812801,0.32471,0.303025,0.372264,6626.929391,12455.28552,1492.633625,7429.231967,4689.401988,23344.77904,276.911139,5606.851763,Test,N,Feb_25,1_EX2,0.8517,mg/L,19,2/25/26 20:24
2,xxxx_2,0,Control,10,2,Untreated,Absence,Absence,Absence,Absence ,June_6,June_8,13,18.7,20.1,20.1,20,25.8,110.7,70.4,MO_002.jpg,roi_1,19,155,2362,12062.63788,285.538333,211.920667,0.742179,4128.513248,60332.14098,0.06843,3628.915681,0.509007,7.084228,19493.48884,5080.513522,18912.03614,1909,3.02,47.328064,0.331826,0.279361,0.388813,5264.205412,6798.432466,1137.538006,4880.907904,3573.752259,15338.28388,203.222008,4877.291514,Test,N,Feb_25,2_EX2,0.05314,mg/L,20,2/25/26 20:41
3,xxxx_3,0,Control,5,8,Untreated,Absence,Absence,Absence,Absence ,June_6,June_7,11.3,19.5,24.2,25.5,26,29.2,146,41.4,MO_003.jpg,roi_1,15,39,1187,7200.310847,277.325667,201.464333,0.726454,2144.918649,48199.24052,0.044501,2078.028102,0.441248,5.770392,12580.80272,2666.787308,9746.052108,766,2.342,47.709695,0.311336,0.305796,0.382868,3974.011264,3226.299583,892.189199,2209.518763,2802.920211,6943.131897,162.488374,2504.298934,Test,N,Feb_25,3_EX2,0.00954,mg/L,21,2/25/26 20:58
4,xxxx_4,0,Control,10,4,Untreated,Absence,Absence,Absence,Absence ,June_6,June_7,9.5,20.4,26.6,27.4,27.3,27.2,188,56.8,MO_004.jpg,roi_1,22,67,1637,13191.36536,283.167667,207.221667,0.731798,3705.202267,55360.6563,0.066928,3669.274023,0.399708,5.247967,22777.746,3317.847259,16125.36053,1984,2.996,45.85847,0.339582,0.30283,0.357588,7710.256974,5481.108382,1651.966631,3480.77257,5189.806231,10935.5543,289.786947,3028.060312,Test,N,Feb_25,4_EX2,0.5885,mg/L,22,2/25/26 21:16
5,xxxx_5,0,Control,4,6,Untreated,Absence,Absence,Absence,Absence ,June_6,June_6,11.9,17.4,22.7,22.9,27.2,36.2,127.8,70.8,MO_005.jpg,roi_1,20,76,2144,12463.36117,283.167667,207.221667,0.731798,3620.447956,57101.0677,0.063404,3541.750981,0.450495,7.420298,21302.49119,4712.22217,17251.88222,1452,3.005,45.691092,0.340356,0.302551,0.357093,6662.871032,5800.490141,1467.866574,4023.056188,4611.495872,12640.38635,264.524809,4447.697361,3,Y,Mar_9,5_EX2,21.65,mg/L,1,3/9/26 12:26
6,xxxx_6,0,Control,11,3,Untreated,Absence,Absence,Absence,Absence ,June_6,June_6,12.6,21.2,21.2,21.1,21.1,23.9,157.8,130.3,MO_006.jpg,roi_1,30,166,2981,17516.929,287.824333,207.221667,0.719959,4856.773441,59578.48927,0.081519,4522.980201,0.421652,7.80634,28990.94547,5795.397321,22802.01154,2807,3.955,47.072057,0.327442,0.290386,0.382172,9391.647187,8125.28181,2046.524424,5210.144613,6429.591302,16372.42024,366.489214,5428.908107,3,N,Mar_9,6_EX2,0.4517,mg/L,2,3/9/26 12:39
7,xxxx_7,0,Control,18,6,Untreated,Absence,Absence,Absence,Absence ,June_6,NA,15.4,26.2,32.1,32.1,32.1,32.2,286.3,125.7,MO_007.jpg,roi_1,48,167,5634,28077.3728,287.824333,207.221667,0.719959,8519.662172,59578.17027,0.143,8519.662172,0.461835,6.194569,42598.83195,8306.224697,40098.22245,6573,4.888,46.935043,0.326494,0.293613,0.379893,9768.65257,18308.72023,2171.131465,10588.49307,6822.32234,33275.90011,400.612146,7905.612551,3,Y,Mar_9,7_EX2,21.63,mg/L,3,3/9/26 12:53
8,xxxx_8,0,Control,3,5,Untreated,Absence,Absence,Absence,Absence ,June_6,June_6,13.8,26,25.1,24.6,24.6,26.5,156.4,56.7,MO_008.jpg,roi_1,31,162,5585,20298.94105,287.824333,207.221667,0.719959,5477.030265,59578.42296,0.09193,5477.030265,0.444339,6.377598,31469.56926,6849.975675,27778.21955,5048,4.094,47.115169,0.331144,0.283054,0.385803,9473.385142,10825.55591,2009.546195,6829.576489,6314.992058,21463.22749,358.268353,6491.707323,2,N,Mar_5,8_EX2,0.3218,mg/L,3,3/5/26 17:52
9,xxxx_9,0,Control,14,9,Untreated,Absence,Absence,Absence,Absence ,June_6,June_7,15.4,28,28.2,28.3,28.3,28.3,192,75.6,MO_009.jpg,roi_1,29,157,3042,15873.72276,287.824333,206.629,0.7179,4652.139441,59431.38114,0.078277,4339.588095,0.435561,5.544859,25391.22979,4128.176281,21284.86618,2754,3.369,47.039175,0.319098,0.303042,0.37786,7640.089566,8233.633192,1688.938524,5085.025993,5306.075846,15978.79034,306.017686,3822.158595,3,N,Mar_9,9_EX2,0.7606,mg/L,4,3/9/26 13:06
10,xxxx_10,0,Control,9,4,Untreated,Absence,Absence,Absence,Absence ,June_7,NA,13.5,27,28.4,28.8,29,28.7,205.9,121,MO_010.jpg,roi_1,42,156,4596,25356.98508,287.824333,206.629,0.7179,7538.492091,59428.39369,0.12685,7140.390737,0.440576,8.007605,39205.704,6649.299775,34575.34392,5622,4.732,45.298552,0.346878,0.296523,0.356599,10142.17539,15214.80969,2277.21667,8726.203601,7154.461443,27420.88247,419.514771,6229.785004,3,N,Mar_9,10_EX2,0.2885,mg/L,5,3/9/26 13:21
11,xxxx_11,0,Control,5,4,Untreated,Absence,Absence,Absence,Absence ,June_6,June_7,13.1,22.6,26.7,28.6,28.5,29.4,214.1,123.5,MO_011.jpg,roi_1,38,67,3484,20681.43784,283.125333,206.078667,0.727871,5668.601566,57877.59661,0.097941,5563.82579,0.390044,7.624232,33668.64169,4834.627302,25173.83252,4200,3.774,46.641545,0.319204,0.306217,0.374579,10088.66507,10592.77276,2233.366596,5777.466087,7017.169922,18156.66259,405.62394,4429.003362,3,N,Mar_9,11_EX2,2.607,mg/L,6,3/9/26 13:34
12,xxxM_1,1,MP,15,4,MP,Presence,Absence,Absence,Absence ,June_6,June_7,15.8,28.8,29.6,33.9,33.2,36.7,300.7,184.2,MO_012.jpg,roi_1,61,116,7274,38925.33404,283.125333,206.629,0.729815,10776.18813,58350.96663,0.184679,10650.72601,0.426156,7.491445,56168.25846,9603.584753,51447.89587,11213,6.091,46.382204,0.32284,0.312438,0.364722,16755.53144,22169.80259,3585.80629,12785.54744,11265.50313,40182.39274,634.990002,8968.594751,1,N,Mar_2,12_EX2,1.686,mg/L,3,3/2/26 11:04
13,xxxM_2,1,MP,12,10,MP,Presence,Absence,Absence,Absence ,June_6,June_9,15.2,25.6,25.4,25.4,24.9,36.1,293.3,132.6,MO_013.jpg,roi_1,62,130,2045,35726.05254,279.950333,206.375,0.737184,8225.397528,56934.58416,0.144471,8225.397528,0.324819,9.446311,57462.92038,5219.853663,35726.42417,11574,9.406,47.142405,0.310042,0.31596,0.373998,22216.25565,13509.79688,4445.50367,6923.449247,13966.35654,21760.06763,740.883892,4478.969771,3,N,Mar_9,13_EX2,1.17,mg/L,7,3/9/26 13:51
14,xxxM_3,1,MP,2,3,MP,Presence,Absence,Absence,Absence ,June_6,June_8,14.1,24.2,24.2,23.4,24,28.6,168.3,65.5,MO_014.jpg,roi_1,28,79,2267,17781.68847,283.125333,207.264,0.732057,4799.316566,57394.3646,0.08362,4772.071101,0.386202,4.607921,28579.3827,3255.994858,21103.04683,4051,3.437,46.734409,0.318064,0.308634,0.373302,8977.246349,8804.442116,1883.025251,4832.975538,5915.714218,15187.33261,327.728485,2928.266373,3,N,Mar_9,14_EX2,0.5339,mg/L,8,3/9/26 14:04
15,xxxM_4,1,MP,5,5,MP,Presence,Absence,Absence,Absence ,June_7,NA,12.9,25.1,26.8,26.6,26.8,37.5,307.6,156.6,MO_015.jpg,roi_1,55,111,6777,33832.15429,285.453667,207.264,0.726086,9543.122491,59143.41218,0.161356,9131.300734,0.451405,7.489531,49693.04912,10252.36352,47159.67816,8909,5.454,45.963032,0.331124,0.30512,0.363756,14567.53525,19264.61903,3130.486572,11878.53171,9834.971512,37324.70665,555.866996,9696.496522,1,N,Mar_2,15_EX2,0.9473,mg/L,4,3/2/26 11:19
16,xxxM_5,1,MP,14,4,MP,Presence,Absence,Absence,Absence ,June_7,June_9,13.5,27.5,27.7,26.9,26.9,28.8,131.9,63.6,MO_016.jpg,roi_1,27,302,2142,16691.17489,285.453667,208.999667,0.732167,4770.099779,59636.91836,0.079986,4770.099779,0.444641,6.096,27467.39957,5392.350299,22553.84364,3099,3.419,48.631884,0.306065,0.287021,0.406914,9328.853265,7362.321626,1889.441772,5288.782892,5935.945267,16617.89837,319.671851,5072.678448,3,N,Mar_9,16_EX2,0.02636,mg/L,9,3/9/26 14:19
17,xxxM_6,1,MP,17,4,MP,Presence,Absence,Absence,Absence ,June_6,June_7,13.5,24.6,26.9,26.7,25.7,29.4,262.5,194.5,MO_017.jpg,roi_1,59,312,5762,35373.30892,285.453667,208.999667,0.732167,10023.53013,59638.15313,0.168072,9914.458666,0.453417,8.810624,52583.73019,11390.94926,49447.85771,9383,5.656,46.31773,0.332194,0.299433,0.368372,16471.8443,18901.46462,3526.95716,12208.9048,11080.33016,38367.52756,622.770821,10768.17844,2,N,Mar_5,17_EX2,1.084,mg/L,4,3/5/26 18:07
18,xxxM_7,1,MP,11,1,MP,Presence,Absence,Absence,Absence ,June_6,NA,15.2,27.4,27.3,27.2,27.3,33.2,299.1,187.2,MO_018.jpg,roi_1,43,153,6068,27837.13697,284.268333,208.999667,0.73522,8022.939151,59391.10702,0.135087,8022.939151,0.465048,7.928887,41538.78067,10752.74108,40126.74676,6564,4.801,47.190319,0.315139,0.306148,0.378713,12828.88178,15008.25519,2795.990065,9973.970741,8783.954481,31342.79228,500.816961,10251.92411,2,N,Mar_5,18_EX2,1.258,mg/L,5,3/5/26 18:21
19,xxxM_8,1,MP,11,5,MP,Presence,Absence,Absence,Absence ,June_6,June_6,14.7,26.9,30.1,29.5,30,29.7,297.7,222.5,MO_019.jpg,roi_1,58,152,13323,40424.97008,284.268333,208.999667,0.73522,12019.76091,59391.10702,0.202383,11504.97341,0.521289,9.019683,52590.6693,16811.67644,65558.71499,11378,6.724,47.261112,0.308976,0.315843,0.37518,13547.6129,26877.35718,2881.879365,17980.10584,9054.015869,56504.69912,514.35408,16297.32236,2,N,Mar_5,19_EX2,1.085,mg/L,6,3/5/26 18:36
20,xxxM_9,1,MP,7,4,MP,Presence,Absence,Absence,Absence ,June_7,June_7,15.6,25.7,25.7,25.6,25.8,35.9,330.6,211,MO_020.jpg,roi_1,70,116,2438,40495.4828,279.950333,206.375,0.737184,10340.61194,55992.55199,0.184678,10291.38444,0.37703,8.395672,62756.34104,8480.485449,47242.07604,14660,10.609,45.620996,0.331916,0.316107,0.351977,21205.84587,19289.63693,4426.003741,10606.83193,13905.21009,33336.86595,765.915049,7714.570399,3,N,Mar_9,20_EX2,1.621,mg/L,10,3/9/26 14:36
21,xxxM_10,1,MP,17,2,MP,Presence,Absence,Absence,Absence ,June_7,NA,16.8,28.1,27.9,27.4,27.2,34.3,344.4,212.6,MO_021.jpg,roi_1,77,126,2525,47785.57282,282.321,206.332667,0.730844,11422.194,57871.33677,0.197372,11195.68908,0.367878,5.852421,70340.67031,8967.741136,53896.9437,19969,11.306,45.606079,0.334633,0.309601,0.355766,26304.38701,21481.18581,5259.002023,11891.32519,16522.12238,37374.82132,877.128302,8090.612834,2,N,Mar_5,21_EX2,1.373,mg/L,7,3/5/26 18:51
22,xxxM_11,1,MP,3,10,MP,Presence,Absence,Absence,Absence ,June_6,June_7,17.6,29.3,28.7,27.7,36.1,42.2,392,190.8,MO_022.jpg,roi_1,46,74,4863,26143.6766,282.532667,208.999667,0.739736,7637.190819,59028.41868,0.129382,7095.191903,0.437818,9.355188,41673.21328,9539.366682,35551.24231,5116,5.01,46.388388,0.325907,0.308315,0.365777,12952.79089,13190.88571,2933.060637,8381.917508,9214.644753,26336.59755,539.613848,8999.752834,3,N,Mar_9,22_EX2,0.7885,mg/L,11,3/9/26 14:52
23,xDxx_1,1,Drought,4,8,Untreated,Absence,Presence,Absence,Absence ,June_6,June_10,15.1,26.9,28,29.1,29.3,29,199.3,137.8,MO_023.jpg,roi_1,39,77,6469,23824.91345,282.532667,208.999667,0.739736,7212.191669,59028.42675,0.122182,6584.106903,0.480361,6.800794,35910.7073,9147.749947,35445.1284,4807,4.184,46.092475,0.335594,0.30111,0.363296,8817.824383,15007.08907,2014.039803,9266.318337,6327.407878,29117.72052,376.842248,8770.907698,3,N,Mar_9,23_EX2,0.2791,mg/L,12,3/9/26 15:08
24,xDxx_2,1,Drought,5,6,Untreated,Absence,Presence,Absence,Absence ,June_6,June_7,9,15.5,19.3,20.7,20.6,20.5,42,29.8,MO_024.jpg,roi_1,10,70,1497,5915.720958,282.532667,204.300667,0.723105,2309.798248,54021.314,0.042757,2309.798248,0.615751,5.80013,9958.456956,3707.069076,11117.86,467,2.316,46.800752,0.33444,0.286702,0.378858,1777.258042,4138.462917,397.011752,3141.65348,1247.284813,9870.575189,72.997674,3634.071402,1,N,Mar_2,24_EX2,0.4065,mg/L,5,3/2/26 11:34
25,xDxx_3,1,Drought,8,2,Untreated,Absence,Presence,Absence,Absence ,June_6,June_7,11.9,21.9,23.4,24.2,23.9,27.6,126.7,51.9,MO_025.jpg,roi_1,14,75,1607,7276.00351,282.532667,204.300667,0.723105,2560.613158,45552.0442,0.056213,2560.613158,0.597978,5.941767,11861.69227,4829.035626,13323.39021,856,2.456,47.990463,0.315782,0.283914,0.400304,2862.87686,4413.12665,664.158538,3576.413471,2086.515584,11236.87462,124.938018,4704.097608,1,N,Mar_2,25_EX2,-0.01645,mg/L,6,3/2/26 11:45
26,xDxx_4,1,Drought,11,2,Untreated,Absence,Presence,Absence,Absence ,June_6,June_7,13.1,22.9,26.3,26.5,26.5,28.4,178.6,123.7,MO_026.jpg,roi_1,34,105,4245,20530.62741,282.532667,204.300667,0.723105,6300.49636,54830.28729,0.114909,6300.49636,0.501688,5.924247,30880.23817,8239.353088,31711.23409,4368,4.177,45.706158,0.341345,0.295941,0.362714,7143.93483,13386.69258,1664.907236,8427.621708,5230.492191,26480.7419,315.237058,7924.11603,2,N,Mar_5,26_EX2,0.4738,mg/L,8,3/5/26 19:02
27,xDxx_5,1,Drought,14,10,Untreated,Absence,Presence,Absence,Absence ,June_6,June_7,11.7,24.2,26.4,26.2,25.9,25.6,114.3,47,MO_027.jpg,roi_1,23,51,2192,12259.74616,278.426333,208.407,0.748518,3585.747309,56557.24262,0.0634,3540.252776,0.409451,4.733011,21391.38037,2980.142873,15468.83075,1330,2.941,47.556525,0.316109,0.304548,0.379343,6178.165859,6081.580298,1425.584533,3497.85575,4478.669592,10990.16116,266.327667,2713.815206,2,N,Mar_5,27_EX2,0.1324,mg/L,9,3/5/26 19:17
28,xDxx_6,1,Drought,2,4,Untreated,Absence,Presence,Absence,Absence ,June_6,June_7,11.9,20.7,20.2,20.1,20.6,25.4,133.1,64.2,MO_028.jpg,roi_1,14,55,2094,9834.271072,278.426333,208.407,0.748518,3061.124702,56371.56468,0.054303,2969.868612,0.475322,4.843052,15853.27368,3292.19798,14431.21669,1554,2.696,49.293723,0.299387,0.28783,0.412783,3995.330673,5838.940399,924.599493,3668.546649,2904.714974,11526.50171,173.489703,3118.708277,3,N,Mar_9,28_EX2,0.2842,mg/L,13,3/9/26 15:24
29,xDxx_7,1,Drought,17,8,Untreated,Absence,Presence,Absence,Absence ,June_6,June_7,14.1,28,32.7,32.1,32.6,32.6,226.7,206.4,MO_029.jpg,roi_1,42,87,3754,22655.99867,278.426333,208.407,0.748518,6720.57258,56982.9156,0.11794,6511.103465,0.424849,8.671619,37454.7553,6622.775106,29789.33131,3706,4.038,47.512636,0.314338,0.306806,0.378856,10144.37505,12511.62362,2378.540828,7102.215053,7472.456749,22316.87456,449.888305,6172.886801,2,N,Mar_5,29_EX2,0.6795,mg/L,10,3/5/26 19:32
30,xDxx_8,1,Drought,4,9,Untreated,Absence,Presence,Absence,Absence ,June_6,June_6,13.3,27.6,30.7,32.1,32.2,31.8,208,165.8,MO_030.jpg,roi_1,41,195,6281,23858.72454,281.347333,208.407,0.740746,6071.932301,58187.60406,0.104351,5798.931054,0.42456,7.015592,37353.09723,7771.186742,31221.05924,5245,4.759,46.263227,0.332497,0.297921,0.369581,13217.1501,10641.57444,2858.675681,7077.566958,8981.021722,22240.03752,508.659386,7262.527356,2,N,Mar_5,30_EX2,0.2788,mg/L,11,3/5/26 19:46
31,xDxx_9,1,Drought,6,6,Untreated,Absence,Presence,Absence,Absence ,June_6,NA,20.5,36.5,36.8,35.7,36.6,35.9,294.8,162.8,MO_031.jpg,roi_1,56,116,1804,31438.15984,280.204333,206.036333,0.735307,7866.966345,56646.42165,0.138878,7698.26955,0.362167,5.831561,48970.21852,5060.802921,34940.84365,10215,8.113,45.291028,0.338796,0.312977,0.348227,17167.46316,14270.69668,3721.891888,7396.445014,11692.94151,23247.90214,659.607141,4401.19578,3,N,Mar_9,31_EX2,0.613,mg/L,14,3/9/26 15:40
32,xDxx_10,1,Drought,5,1,Untreated,Absence,Presence,Absence,Absence ,June_6,June_6,14.4,27.1,28.6,29,29.5,29.2,199.8,102.1,MO_032.jpg,roi_1,33,54,1339,16005.72013,280.797,206.036333,0.733755,4181.020312,56932.72664,0.073438,4122.934406,0.333269,7.283302,28313.37403,2529.683244,16563.23826,2848,5.607,48.168613,0.296094,0.304377,0.399529,9800.878878,6204.84125,2146.232504,3124.975675,6742.636041,9820.602219,383.420256,2146.262988,3,N,Mar_9,32_EX2,1.339,mg/L,15,3/9/26 15:57
33,xDxx_11,1,Drought,4,5,Untreated,Absence,Presence,Absence,Absence ,June_7,NA,13.2,26.6,26.6,29.2,29,29.1,232.8,178.5,MO_033.jpg,roi_1,46,133,2004,28222.67884,278.595667,206.036333,0.739553,7644.615535,51994.93992,0.147026,7584.809203,0.373849,7.19318,45773.85981,5037.596601,32632.01384,8216,8.509,45.20018,0.331274,0.330495,0.338231,13668.9381,14553.74074,3055.706544,7329.257878,9599.861941,23032.1519,557.474035,4480.122566,3,N,Mar_9,33_EX2,0.4036,mg/L,16,3/9/26 16:13
34,xxHx_1,1,Herbicide,6,1,Untreated,Absence,Absence,Presence,Absence ,June_6,June_7,13,27.9,34.1,34.2,34.5,34,244.6,150.3,MO_034.jpg,roi_1,48,78,1970,25044.17842,280.797,203.115333,0.723353,6375.702302,52677.29429,0.121033,6167.037845,0.353692,7.118549,41106.86504,4942.758747,27467.84829,6548,6.86,46.477618,0.315414,0.321303,0.363283,14899.7999,10144.37852,3262.397941,5478.320061,10249.52727,17218.32102,581.824691,4360.934056,3,N,Mar_9,34_EX2,3.327,mg/L,17,3/9/26 16:25
35,xxHx_2,1,Herbicide,14,8,Untreated,Absence,Absence,Presence,Absence ,June_6,June_7,10.3,19.6,26.9,26.9,27.1,27.6,156.1,75.2,MO_035.jpg,roi_1,27,58,1073,12668.74113,269.832667,206.671333,0.765924,3379.516538,45724.07074,0.073911,3277.283768,0.343784,6.020866,22091.66533,1869.684634,13484.75817,2412,4.735,46.213498,0.320977,0.320242,0.358781,7436.249816,5232.491316,1643.165582,2648.711822,5162.213949,8322.544223,295.572039,1574.112594,3,N,Mar_9,35_EX2,0.3796,mg/L,18,3/9/26 16:41
36,xxHx_3,1,Herbicide,15,3,Untreated,Absence,Absence,Presence,Absence ,June_6,June_8,9,24.8,28.8,31.2,30.6,31.3,152,82.1,MO_036.jpg,roi_1,32,88,1410,19071.66076,278.468667,206.671333,0.742171,5051.217496,55763.37055,0.090583,4304.919706,0.350672,5.748611,32081.37732,2671.679675,20651.60572,4706,6.21,47.706844,0.309254,0.303357,0.387389,10540.33389,8531.326872,2311.752528,4260.866801,7262.799292,13388.80642,414.374211,2257.305464,1,N,Mar_2,36_EX2,0.5091,mg/L,7,3/2/26 12:00
37,xxHx_4,1,Herbicide,2,7,Untreated,Absence,Absence,Presence,Absence ,June_6,June_7,13.3,28.4,28.2,28.5,28.7,29,184.6,68,MO_037.jpg,roi_1,28,69,1181,15780.44029,278.468667,206.671333,0.742171,4035.481176,50469.57469,0.079959,3983.395259,0.333401,4.826743,26862.79489,1891.467438,16261.01021,3664,5.419,45.812065,0.332611,0.316523,0.350866,9059.347075,6721.093214,1980.635508,3194.623177,6222.349962,10038.66025,353.214055,1538.253383,2,N,Mar_5,37_EX2,0.7044,mg/L,12,3/5/26 20:01
38,xxHx_5,1,Herbicide,15,1,Untreated,Absence,Absence,Presence,Absence ,June_6,June_7,10,21.2,23.3,23.7,23.4,23.8,48.8,19.3,MO_038.jpg,roi_1,6,22,273,3331.81326,278.468667,192.405,0.690939,993.492637,36876.90474,0.026941,935.404939,0.39992,4.969436,6018.265227,728.770869,4149.686204,471,3.266,49.776662,0.283266,0.319594,0.39714,1493.351845,1838.461415,331.794509,989.070735,1042.363191,3107.323012,60.164998,668.605871,3,Y,Mar_9,38_EX2,20.51,mg/L,19,3/9/26 16:55
39,xxHx_6,1,Herbicide,13,6,Untreated,Absence,Absence,Presence,Absence ,June_7,June_8,9,21.7,26.3,28.6,28.8,30,106.6,54.7,MO_039.jpg,roi_1,29,71,1041,13567.87586,278.468667,205.401333,0.73761,3419.177749,55075.50186,0.062082,3341.887581,0.325068,5.041045,24186.60953,1657.052927,13633.58701,2512,5.545,49.466908,0.283124,0.308474,0.408402,8333.827817,5234.04804,1817.335749,2522.057094,5709.479476,7924.10753,324.167485,1332.885442,3,N,Mar_9,39_EX2,0.1961,mg/L,20,3/9/26 17:10
40,xxHx_7,1,Herbicide,7,3,Untreated,Absence,Absence,Presence,Absence ,June_8,June_8,9.4,23.6,25.1,29.1,29,29,148,66.5,MO_040.jpg,roi_1,29,78,1161,16038.84417,278.468667,206.671333,0.742171,4139.66914,57235.4841,0.072327,3917.162417,0.344244,6.453022,27571.72472,2508.921635,17122.52366,3722,5.747,45.282702,0.333531,0.333223,0.333246,8919.571596,7119.272578,1987.71586,3461.846226,6244.724696,10877.79896,360.765747,2148.155887,1,N,Mar_2,40_EX2,1.17,mg/L,8,3/2/26 12:14
41,xxHx_8,1,Herbicide,3,1,Untreated,Absence,Absence,Presence,Absence ,June_6,NA,12.7,24.5,31.5,31.6,31.7,32.2,190.8,125.4,MO_041.jpg,roi_1,43,85,1597,23414.03845,278.468667,206.671333,0.742171,6045.866044,55213.02667,0.109501,5963.909219,0.35294,7.17322,39354.66468,4224.66486,25526.77861,5653,6.609,46.611629,0.323884,0.307559,0.368557,13979.51017,9434.528282,3009.108959,5114.887882,9453.531247,16073.24736,529.622173,3695.042687,2,N,Mar_5,41_EX2,0.5791,mg/L,13,3/5/26 20:15
42,xxHx_9,1,Herbicide,16,6,Untreated,Absence,Absence,Presence,Absence ,June_6,June_7,9,17.6,18.6,18.1,18.6,25.3,136.6,77,MO_042.jpg,roi_1,29,64,1080,16535.555,275.336,201.803,0.732934,4102.081402,49266.97674,0.083262,4010.708824,0.328586,6.318879,28102.25498,2274.393722,16768.74852,3619,5.121,44.436216,0.34664,0.32416,0.3292,10270.23894,6265.316051,2133.18416,3203.846618,6701.631295,10067.11723,366.384167,1908.009555,3,N,Mar_9,42_EX2,0.3588,mg/L,21,3/9/26 17:26
43,xxHx_10,1,Herbicide,8,1,Untreated,Absence,Absence,Presence,Absence ,June_6,June_7,10.1,24.8,31,31.3,31.7,31.6,148,135.4,MO_043.jpg,roi_1,38,86,1598,20937.29561,279.019,204.893333,0.734335,5671.89009,51992.20516,0.109091,5149.425185,0.372347,7.157214,34896.39678,4574.451104,24226.47419,5015,6.446,46.93127,0.313766,0.319257,0.366977,11421.65174,9515.643869,2545.476439,5165.087526,7996.866005,16229.60819,462.289672,4112.161432,2,N,Mar_5,43_EX2,0.3194,mg/L,14,3/5/26 20:30
44,xxHx_11,1,Herbicide,12,3,Untreated,Absence,Absence,Presence,Absence ,June_7,June_7,9.3,22.8,30.6,32.1,31.9,31.9,195.1,100.3,MO_044.jpg,roi_1,36,72,1564,19465.70278,283.760333,204.893333,0.722065,5183.615081,57641.66429,0.089928,4489.216828,0.370193,7.244321,32859.75237,4212.749381,22180.6155,4271,6.033,46.502544,0.31351,0.32006,0.366431,11317.31303,8148.38975,2479.515534,4579.762296,7789.659635,14390.95587,443.26758,3769.481802,2,N,Mar_5,44_EX2,0.2426,mg/L,15,3/5/26 20:45
45,Axxx_1,1,Antibiotic,17,9,AB,Absence,Absence,Absence,Presence,June_7,NA,14.1,24.6,25.8,28.3,28.5,32.6,251.5,84.9,MO_045.jpg,roi_1,41,81,1483,21685.20938,279.061333,204.893333,0.734223,4867.897074,53894.77841,0.090322,4684.193141,0.289705,5.612321,37587.7576,2188.266257,19398.23523,4885,6.523,45.516233,0.330583,0.32055,0.348867,15064.5839,6620.625478,3035.454035,3138.01753,9536.445231,9861.79,506.336617,1681.92964,3,N,Mar_9,45_EX2,3.307,mg/L,22,3/9/26 17:42
46,Axxx_2,1,Antibiotic,9,7,AB,Absence,Absence,Absence,Presence,June_7,June_7,11.2,22.2,22.6,25.8,25.5,27.2,136.8,76.8,MO_046.jpg,roi_1,35,78,1386,18533.24744,279.061333,204.893333,0.734223,4539.480168,52423.82974,0.086592,4255.871417,0.314069,5.554547,32302.25396,2194.70673,18009.71596,4212,6.032,47.072217,0.306115,0.325905,0.36798,12018.26285,6514.984587,2549.805895,3181.78885,8010.515165,9999.200798,444.311333,1750.395396,3,Y,Mar_9,46_EX2,3.203,mg/L,23,3/9/26 17:59
47,Axxx_3,1,Antibiotic,2,8,AB,Absence,Absence,Absence,Presence,June_7,NA,14.3,29.4,30.3,30.2,30.1,30.4,265.4,119.4,MO_047.jpg,roi_1,55,109,1829,29105.50521,279.061333,204.893333,0.734223,7232.381593,54771.82863,0.132046,7039.485921,0.339999,6.070075,47571.5567,4383.197241,30516.50089,8232,7.702,47.022692,0.311507,0.314729,0.373765,17067.57624,12037.92897,3604.019521,6107.839858,11322.4568,19194.0441,624.8334,3758.363841,2,N,Mar_5,47_EX2,0.332,mg/L,16,3/5/26 20:59
48,Axxx_4,1,Antibiotic,1,10,AB,Absence,Absence,Absence,Presence,June_7,NA,12.7,27.5,29.1,33.2,32.9,33,208.4,81.8,MO_048.jpg,roi_1,34,75,1342,18521.66149,279.061333,204.893333,0.734223,4889.495597,50068.03786,0.097657,4852.601406,0.353804,6.528124,31033.47291,3101.644452,20309.94501,4962,6.15,47.404482,0.299315,0.326112,0.374573,10159.38217,8362.279313,2210.023164,4253.875804,6943.212564,13366.73244,393.540521,2708.103931,2,N,Mar_5,48_EX2,0.08936,mg/L,17,3/5/26 21:14
49,Axxx_5,1,Antibiotic,11,8,AB,Absence,Absence,Absence,Presence,June_6,June_6,19.2,32.1,31.2,31.1,31.6,32.8,247.6,125.1,MO_049.jpg,roi_1,58,111,1995,31909.78467,280.585333,206.375,0.735516,7186.673799,54347.76854,0.132235,7035.229657,0.305528,7.146188,52827.31725,3767.449747,30045.0595,9655,8.14,44.149251,0.352957,0.319847,0.327197,20280.49934,11629.28534,4091.572603,5469.994894,12854.38644,17190.67307,684.426515,3083.023231,2,N,Mar_5,49_EX2,1.861,mg/L,18,3/5/26 21:29
50,Axxx_6,1,Antibiotic,6,4,AB,Absence,Absence,Absence,Presence,June_6,June_7,14.8,28.8,28.9,30.4,30.2,32.4,242.6,183.4,MO_050.jpg,roi_1,52,103,2243,26797.91504,280.797,206.671333,0.736017,6906.170775,54409.37684,0.12693,6701.298425,0.352294,5.954421,45200.98964,4732.494702,29289.70595,7287,7.881,46.531967,0.313853,0.327711,0.358436,15556.39818,11241.51687,3334.60933,5986.604986,10476.2198,18813.48615,587.42809,4145.066611,3,N,Mar_9,50_EX2,0.6545,mg/L,24,3/9/26 18:14
51,Axxx_7,1,Antibiotic,1,2,AB,Absence,Absence,Absence,Presence,June_7,June_7,11.9,24.4,26,25.7,25.8,28.8,160.4,109.4,MO_051.jpg,roi_1,20,64,826,10539.36935,271.991667,202.565,0.744747,2840.994318,45698.93369,0.062168,2771.229225,0.3589,7.351876,18581.03231,2688.115474,11836.57181,1845,4.463,46.667022,0.315686,0.319047,0.365267,6682.278923,3857.090425,1405.950841,2361.437201,4416.967941,7419.603864,242.765592,2445.349882,1,N,Mar_2,51_EX2,0.1452,mg/L,9,3/2/26 12:30
52,Axxx_8,1,Antibiotic,6,10,AB,Absence,Absence,Absence,Presence,June_7,June_8,13.3,29.6,32.3,32.2,32,31.2,281.3,123.9,MO_052.jpg,roi_1,54,95,2043,28432.7144,279.061333,203.750333,0.730127,6946.839153,54997.2314,0.126313,6523.852544,0.345533,10.358786,47223.4909,6445.288516,30418.35679,8003,7.787,45.861387,0.327134,0.317032,0.355833,17561.74273,10870.97167,3696.277165,5984.556809,11612.3205,18806.03629,638.864895,5806.423621,3,Y,Mar_9,52_EX2,12.25,mg/L,25,3/9/26 18:32
53,Axxx_9,1,Antibiotic,17,6,AB,Absence,Absence,Absence,Presence,unknown,unknown,8.2,10.1,12.3,12.6,13.4,24.1,97.9,27,MO_053.jpg,roi_1,18,49,805,8805.910658,274.150667,203.750333,0.743206,2146.536926,51090.36915,0.042015,2132.569212,0.298283,3.100465,16231.95843,820.564187,8153.348595,1552,4.452,46.063755,0.327652,0.316164,0.356184,5743.617672,3062.292987,1180.459427,1414.66544,3708.549849,4444.798746,200.418339,620.145849,1,N,Mar_2,53_EX2,0.2596,mg/L,10,3/2/26 12:45
54,Axxx_10,1,Antibiotic,3,2,AB,Absence,Absence,Absence,Presence,June_7,June_7,16.7,32.2,31.9,31.8,31.5,37.9,206.1,161,MO_054.jpg,roi_1,48,104,1926,26119.56843,280.246667,206.713667,0.737613,6378.834913,56282.89191,0.113335,6378.834913,0.37219,14.681552,43169.2429,10163.2123,30096.35537,7397,7.696,47.426542,0.306047,0.319259,0.374693,16781.9754,9337.59303,3388.4379,6190.01469,10645.19641,19451.15896,566.463729,9596.748574,3,N,Mar_9,54_EX2,1.73,mg/L,26,3/9/26 18:45
55,Axxx_11,1,Antibiotic,7,5,AB,Absence,Absence,Absence,Presence,June_6,June_7,13.8,25.2,25.7,25.8,28.5,38.1,302.6,69.7,MO_055.jpg,roi_1,25,51,983,12114.48292,279.061333,206.713667,0.740746,3010.77534,52637.23433,0.057199,2972.653553,0.349763,4.926698,21368.30218,2670.080347,13134.49474,2405,4.63,49.639251,0.277639,0.31318,0.409181,8116.462976,3998.019942,1656.414426,2523.914842,5203.804571,7930.690174,277.344148,2392.736199,2,N,Mar_5,55_EX2,0.3637,mg/L,19,3/5/26 21:44
56,xDxM_1,2,Drought_MP,7,7,MP,Presence,Presence,Absence,Absence ,June_7,NA,13.5,28.4,28.1,30.6,30.6,31.6,178.6,198.5,MO_056.jpg,roi_1,66,117,2573,39336.14074,280.585333,205.782333,0.733404,9591.298022,56490.26068,0.169787,9514.764125,0.349027,6.14344,61600.14536,5788.608916,42260.45321,13379,9.736,44.970618,0.342253,0.313963,0.343784,21778.1553,17557.98544,4435.805621,9011.949858,13935.83769,28324.61552,751.100667,5037.50825,3,Y,Mar_9,56_EX2,6.881,mg/L,27,3/9/26 19:02
57,xDxM_2,2,Drought_MP,10,6,MP,Presence,Presence,Absence,Absence ,June_7,June_7,12.6,25.7,25.1,27.6,28.3,31.8,207.7,181.6,MO_057.jpg,roi_1,64,111,2816,36683.67268,279.061333,206.713667,0.740746,10094.5515,56568.41285,0.178449,9820.731255,0.415681,4.233333,55209.5214,7665.086356,46936.09968,14347,10.983,46.241711,0.324185,0.314232,0.361583,17084.31156,19599.36113,3591.412025,11344.84566,11283.23221,35652.86747,629.611591,7035.474765,2,N,Mar_5,57_EX2,1.641,mg/L,20,3/5/26 21:59
58,xDxM_3,2,Drought_MP,8,6,MP,Presence,Presence,Absence,Absence ,June_7,NA,10.8,24.5,24.3,25,25.1,27.6,308.8,303.3,MO_058.jpg,roi_1,85,128,3438,52145.14161,281.813,206.840667,0.733964,13127.66729,58144.53694,0.225776,13127.66729,0.398059,12.61306,76127.99293,12979.80475,63974.34572,22648,13.122,46.58758,0.31777,0.315101,0.367129,26420.2583,25724.88331,5303.576361,15053.43446,16662.58559,47311.76013,893.881977,12085.92277,2,N,Mar_5,58_EX2,2.583,mg/L,21,3/5/26 22:14
59,xDxM_4,2,Drought_MP,13,1,MP,Presence,Presence,Absence,Absence ,June_6,June_7,9.2,11.5,,,,,,,,,,,,,,,,,,,,,,,,,,,,,,,,,,,,,,,NA,NA,NA,,,,,
60,xDxM_5,2,Drought_MP,10,8,MP,Presence,Presence,Absence,Absence ,June_7,NA,15.6,27.8,29.5,28.6,29.4,38.5,446.4,262.7,MO_060.jpg,roi_1,82,127,2856,44213.37326,273.388667,208.068333,0.761072,10907.07496,56062.78931,0.194551,10752.26165,0.364006,8.131968,69089.37702,9012.472288,49568.83374,15388,10.413,47.49495,0.307844,0.309335,0.382821,25107.1421,19106.23116,5189.104964,10585.42653,16302.3441,33266.48964,886.583543,8125.888744,3,N,Mar_9,60_EX2,2.789,mg/L,28,3/9/26 19:15
61,xDxM_6,2,Drought_MP,10,7,MP,Presence,Presence,Absence,Absence ,June_7,June_9,14,27.3,32,32.5,32.3,34.2,271.1,259.6,MO_061.jpg,roi_1,78,154,2587,47364.21353,278.087667,208.068333,0.748211,11718.87262,57575.87589,0.203538,11642.36381,0.380909,8.871838,71126.78489,10010.10501,55459.51274,18428,10.245,46.285454,0.327586,0.309225,0.363189,26016.66015,21347.55339,5373.517184,12274.69784,16882.05464,38577.4581,917.698654,9092.406351,2,Y,NA,,,,,
62,xDxM_7,2,Drought_MP,8,7,MP,Presence,Presence,Absence,Absence ,June_7,June_7,13.1,25.2,26.1,26.2,25.3,36.6,277.9,181.3,MO_062.jpg,roi_1,29,103,1442,19920.86281,279.357667,205.316667,0.73496,4752.569348,54281.45147,0.087554,4637.838395,0.353558,7.666892,32085.18991,4568.526951,21808.54055,5991,6.551,44.77467,0.337666,0.326402,0.335932,12432.52769,7488.335118,2554.499005,4384.850697,8025.387247,13783.1533,433.915664,4134.611287,1,N,Mar_2,62_EX2,0.3293,mg/L,11,3/2/26 12:58
63,xDxM_8,2,Drought_MP,15,2,MP,Presence,Presence,Absence,Absence ,June_7,June_7,14.2,32.7,33,34.6,35.4,37.8,279.4,177.3,MO_063.jpg,roi_1,60,114,2394,36486.9992,278.087667,205.147333,0.737707,8432.82722,53334.14423,0.158113,8432.82722,0.331695,5.647971,57692.54066,5183.57881,37270.40311,13399,9.394,45.502676,0.331548,0.320358,0.348094,22796.35518,13690.64402,4569.313995,7290.943178,14355.48692,22914.9162,760.654311,4422.924499,1,N,Mar_2,63_EX2,1.185,mg/L,12,3/2/26 13:13
64,xDxM_9,2,Drought_MP,17,1,MP,Presence,Presence,Absence,Absence ,June_7,June_7,11.5,19.7,24.1,24.2,25.8,37.7,216.3,151.9,MO_064.jpg,roi_1,39,77,1736,21188.8053,275.928667,205.909333,0.746241,5423.548293,52045.92279,0.104207,5357.526919,0.361178,7.377183,35100.67332,4035.328968,23684.27489,5928,7.128,46.609628,0.31201,0.325037,0.362953,12326.76053,8862.044777,2553.834851,4983.618024,8023.220278,15661.05461,438.714448,3596.61452,3,Y,Mar_9,64_EX2,3.641,mg/L,29,3/9/26 19:32
65,xDxM_10,2,Drought_MP,10,10,MP,Presence,Presence,Absence,Absence ,June_7,June_7,14.6,28.2,30.5,32.5,32.5,34.6,327.5,246.1,MO_065.jpg,roi_1,59,109,2209,33242.36959,276.436667,205.909333,0.74487,8605.018632,54381.66991,0.158234,8435.219689,0.40156,10.493886,51208.86247,9838.038713,41414.75088,12442,9.619,46.541707,0.313764,0.326931,0.359305,18117.20631,15125.16329,3849.962821,9329.658261,12095.61465,29319.13623,674.59143,9163.447283,3,Y,Mar_9,65_EX2,6.451,mg/L,30,3/9/26 19:49
66,xDxM_11,2,Drought_MP,15,8,MP,Presence,Presence,Absence,Absence ,June_7,June_7,12,21.9,26.4,26.6,26.1,34.3,161.2,119.6,MO_066.jpg,roi_1,31,70,1136,13489.13756,215.730667,181.737,0.842425,3821.198451,30621.50507,0.124788,3778.08205,0.405674,5.194423,21164.16937,3032.412033,16931.80134,4123,4.589,47.598216,0.304717,0.313079,0.382204,6739.157299,6749.980262,1398.546301,3989.748537,4393.744991,12538.05635,240.43324,2791.978793,2,N,Mar_5,66_EX2,0.2516,mg/L,22,3/5/26 22:29
67,xxHM_1,2,Herbicide_MP,15,7,MP,Presence,Absence,Presence,Absence ,June_6,June_7,13.9,28.1,32.5,33.1,33.7,34.3,237.4,66.6,MO_067.jpg,roi_1,28,59,1049,13042.05982,273.981333,205.316667,0.749382,3247.147628,46862.6276,0.069291,3078.106747,0.326296,5.941767,22867.85913,1843.886092,13177.55736,2737,5.225,46.642847,0.327038,0.306575,0.366388,8285.108063,4756.951755,1802.386311,2391.252223,5662.562205,7514.99515,319.64849,1524.237602,2,N,Mar_5,67_EX2,0.0501,mg/L,23,3/5/26 22:43
68,xxHM_2,2,Herbicide_MP,1,1,MP,Presence,Absence,Presence,Absence ,June_6,June_7,7.5,20,25.9,32.5,33,32.9,151.1,72.2,MO_068.jpg,roi_1,29,86,1123,15825.64262,276.436667,207.052333,0.749005,4206.393021,54782.74796,0.076783,3431.509266,0.35955,7.656133,27637.25581,3435.563303,17615.05885,3291,5.537,48.132765,0.29674,0.318691,0.384569,9623.538313,6202.104309,2055.889924,3550.100062,6458.91368,11156.14517,360.080815,3075.482488,1,N,Mar_2,68_EX2,2.009,mg/L,13,3/2/26 13:26
69,xxHM_3,2,Herbicide_MP,16,1,MP,Presence,Absence,Presence,Absence ,June_8,June_9,7.7,22.5,33.6,33.9,34,33.9,152.2,113.6,MO_069.jpg,roi_1,44,106,1593,25034.85437,279.357667,207.052333,0.741173,6407.686109,56603.38411,0.113203,6362.424551,0.348116,5.851808,41919.02355,3874.217396,26890.9522,6391,7.032,45.440927,0.33778,0.314206,0.348014,14720.65086,10314.20352,3154.920447,5402.945722,9911.693753,16979.25845,554.736667,3319.480729,2,Y,NA,,,,,
70,xxHM_4,2,Herbicide_MP,9,3,MP,Presence,Absence,Presence,Absence ,June_7,June_8,8.9,17.9,20,21.5,21.7,22.9,101.5,36.4,MO_070.jpg,roi_1,18,48,726,8376.465654,257.090333,207.052333,0.805368,2215.185534,47135.76057,0.046996,1615.462719,0.351387,3.833446,15198.21546,1348.072874,9081.559879,1284,4.303,48.617902,0.296011,0.306991,0.396998,5192.627222,3183.838431,1121.170263,1769.243936,3522.359566,5559.200313,198.433432,1149.639442,3,N,Mar_9,70_EX2,2.535,mg/L,31,3/9/26 20:02
71,xxHM_5,2,Herbicide_MP,7,8,MP,Presence,Absence,Presence,Absence ,unknown,unknown,7,7,7.1,7.6,7.4,19.5,37.6,20.2,MO_071.jpg,roi_1,11,32,449,4787.055505,216.196333,194.140667,0.897983,1185.589027,30385.56826,0.039018,1086.820407,0.316853,3.031492,8573.177153,619.937292,4697.1017,754,2.855,43.002617,0.358456,0.342645,0.298899,3289.085234,1497.970271,651.71651,843.225474,2047.427801,2649.673898,107.040644,512.896648,1,Y,Mar_2,71_EX2,0.2834,mg/L,14,3/2/26 13:41
72,xxHM_6,2,Herbicide_MP,5,3,MP,Presence,Absence,Presence,Absence ,June_6,June_7,12.9,28,28.1,30.5,30.1,30.1,247.2,119.1,MO_072.jpg,roi_1,52,105,1848,26661.14954,277.706667,205.147333,0.73872,6514.648261,54749.14677,0.118991,6426.255965,0.328391,6.061211,44925.29373,4312.136362,27161.8157,7151,7.32,47.947006,0.297404,0.315402,0.387194,16522.70153,10138.44801,3498.878762,5144.901323,10992.13144,16169.68427,607.735918,3704.400444,3,N,Mar_9,72_EX2,0.9309,mg/L,32,3/9/26 20:18
73,xxHM_7,2,Herbicide_MP,6,3,MP,Presence,Absence,Presence,Absence ,June_6,June_7,9.4,21.8,29,29.1,29.7,40.5,266.4,84.7,MO_073.jpg,roi_1,27,83,979,13072.31008,279.188333,204.343,0.731918,3228.518633,54218.46683,0.059546,2990.909789,0.322494,8.666244,23448.86286,2489.214041,13139.40722,2516,5.255,48.23619,0.295421,0.315171,0.389408,8280.612914,4791.697166,1768.57071,2413.538575,5556.196206,7583.211015,309.70317,2179.510871,3,N,Mar_9,73_EX2,0.4485,mg/L,33,3/9/26 20:30
74,xxHM_8,2,Herbicide_MP,7,9,MP,Presence,Absence,Presence,Absence ,June_6,NA,6.2,17.1,20.3,22.1,22.4,27.2,113,48.7,MO_074.jpg,roi_1,21,43,932,10383.03282,274.489333,204.343,0.744448,2807.596535,53967.14475,0.052024,2683.944453,0.343932,5.997604,18910.34662,1631.38466,11102.93345,1637,4.838,47.878902,0.303613,0.311124,0.385263,6100.543242,4282.489576,1288.990717,2244.822337,4049.540795,7053.392659,224.327988,1407.056671,2,N,Mar_5,74_EX2,-0.04094,mg/L,24,3/5/26 22:57
75,xxHM_9,2,Herbicide_MP,9,1,MP,Presence,Absence,Presence,Absence ,June_7,NA,8.5,20.8,20.9,23.5,23.9,30.5,151.6,78.6,MO_075.jpg,roi_1,48,77,1359,24213.48912,277.410333,204.343,0.736609,5915.681717,53242.62022,0.111108,5794.660454,0.332776,6.163827,40054.57398,3164.921428,24826.66517,7000,6.813,47.809984,0.305591,0.310629,0.38378,14419.78532,9793.703802,3021.889782,4879.13069,9493.683386,15332.98179,522.344339,2642.577089,3,N,Mar_9,75_EX2,0.3462,mg/L,34,3/9/26 20:46
76,xxHM_10,2,Herbicide_MP,13,10,MP,Presence,Absence,Presence,Absence ,June_7,June_7,13.2,29.4,34.6,34.2,34.1,34,239.9,154.3,MO_076.jpg,roi_1,52,96,1861,29697.57914,280.416,205.147333,0.731582,7525.051258,56538.65216,0.133096,7501.870301,0.344443,6.267621,48443.41179,4482.312303,31583.12991,8209,8.046,45.523891,0.335163,0.310793,0.354044,16843.67264,12853.9065,3533.551598,6517.739315,11101.1586,20481.97132,612.154045,3870.158258,3,N,Mar_9,76_EX2,0.7264,mg/L,35,3/9/26 21:02
77,xxHM_11,2,Herbicide_MP,17,3,MP,Presence,Absence,Presence,Absence ,June_7,June_7,11.3,21.9,25.3,27.6,27.6,28.2,175.7,104.9,MO_077.jpg,roi_1,39,106,1585,22739.10225,277.368,204.935667,0.738858,5584.271986,55540.72046,0.100544,5490.696904,0.320834,4.649734,38735.83657,2588.280894,22558.0746,5432,6.61,44.452248,0.348168,0.319001,0.332831,13671.17734,9067.924911,2930.486062,4247.993667,9206.569498,13351.5051,516.225598,2072.055296,2,N,Mar_5,77_EX2,0.1781,mg/L,25,3/5/26 23:12
78,AxxM_1,2,Antibiotic_MP,12,4,AB+MP,Presence,Absence,Absence,Presence,June_7,June_7,13.1,22.9,28,31.7,32.1,32,156.5,137.1,MO_078.jpg,roi_1,38,94,1597,22860.19618,279.738667,204.935667,0.732597,5728.843381,51422.60773,0.111407,5661.167889,0.344041,5.460836,37508.7444,3432.896434,24311.72897,6719,6.76,46.024826,0.326119,0.315943,0.357937,12926.43656,9933.759622,2767.307881,4969.594703,8693.922606,15617.80636,486.915869,2945.980565,3,N,Mar_9,78_EX2,0.8199,mg/L,36,3/9/26 21:18
79,AxxM_2,2,Antibiotic_MP,4,3,AB+MP,Presence,Absence,Absence,Presence,June_7,NA,13.5,27.3,28.7,28.4,28.6,29.4,222.2,100.7,MO_079.jpg,roi_1,36,73,1307,19714.29234,279.738667,204.935667,0.732597,5104.8285,54424.77018,0.093796,5069.500614,0.355285,5.247967,32335.60899,2995.457813,21590.27732,5148,6.077,45.405471,0.335565,0.309302,0.355133,11154.38765,8559.904689,2364.447702,4506.048773,7428.376738,14161.90059,412.167702,2583.290111,3,N,Mar_9,79_EX2,0.3498,mg/L,37,3/9/26 21:34
80,AxxM_3,2,Antibiotic_MP,3,6,AB+MP,Presence,Absence,Absence,Presence,June_6,June_7,12.6,24.9,25.3,23.4,25.4,31.2,290.4,96,MO_080.jpg,roi_1,31,90,1500,18510.48371,281.474333,204.935667,0.728079,4638.786421,52778.18925,0.087892,4412.233111,0.330553,5.571298,31590.98672,2615.420471,18953.36563,4214,6.166,45.333335,0.33435,0.320009,0.345641,11217.66583,7292.817876,2382.472572,3648.939335,7484.910903,11468.45473,416.28923,2199.131241,3,Y,Mar_9,80_EX2,2.691,mg/L,38,3/9/26 21:47
81,AxxM_4,2,Antibiotic_MP,3,3,AB+MP,Presence,Absence,Absence,Presence,June_7,NA,11.5,22.7,24.4,24.6,24.5,28.7,145.6,69.1,MO_081.jpg,roi_1,27,54,1010,13103.57185,281.474333,204.935667,0.728079,3494.376524,51728.74421,0.067552,3494.376524,0.354711,5.331312,22422.54799,2077.229037,14385.36067,2968,5.247,48.313839,0.283312,0.330214,0.386474,7484.259961,5619.311889,1582.717278,2995.153069,4972.503675,9412.856999,276.122857,1801.10618,1,Y,Mar_2,81_EX2,2.004,mg/L,15,3/2/26 13:57
82,AxxM_5,2,Antibiotic_MP,16,5,AB+MP,Presence,Absence,Absence,Presence,June_7,NA,13.4,28.3,28.6,31.9,32.5,33,236.6,116.9,MO_082.jpg,roi_1,44,93,1774,24551.91882,280.881667,204.935667,0.729616,5601.451163,54754.04013,0.102302,5576.806051,0.31085,6.267621,41275.72066,3150.747975,23513.47787,6609,6.748,45.772894,0.332213,0.31341,0.354377,16330.06309,8221.855722,3305.454459,4177.274541,10384.61147,13128.8664,553.711903,2597.036072,1,N,Mar_2,82_EX2,0.9249,mg/L,16,3/2/26 14:12
83,AxxM_6,2,Antibiotic_MP,11,7,AB+MP,Presence,Absence,Absence,Presence,June_7,NA,14.5,28.5,34.7,35.3,35.2,35.2,373.2,184.1,MO_083.jpg,roi_1,59,116,2059,33238.23062,278.638,205.147333,0.73625,8118.051864,55851.91607,0.14535,7997.156049,0.339443,7.672501,53543.34581,5148.325177,34773.90009,9964,8.123,46.336611,0.329864,0.3003,0.369836,19796.60566,13441.62497,4128.055901,6937.782943,12968.88636,21805.01373,708.691528,4439.633649,3,Y,Mar_9,83_EX2,4.039,mg/L,39,3/9/26 22:01
84,AxxM_7,2,Antibiotic_MP,12,1,AB+MP,Presence,Absence,Absence,Presence,June_7,NA,12.8,26.2,26.7,30.2,29.5,30.1,251.9,174.2,MO_084.jpg,roi_1,57,98,2056,30678.39557,278.511,206.713667,0.74221,7399.1447,57497.24791,0.128687,7189.679169,0.341387,6.747885,50024.87107,5002.845261,32221.52821,9092,8.347,46.669445,0.322212,0.307428,0.370361,18811.76383,11866.63174,3963.070331,6290.844523,12450.69222,19770.83599,686.521294,4316.323968,2,N,Mar_5,84_EX2,1.533,mg/L,26,3/5/26 23:27
85,AxxM_8,2,Antibiotic_MP,8,3,AB+MP,Presence,Absence,Absence,Presence,June_7,June_7,15.6,29.1,29.9,30.4,30.2,30.5,145.4,128.2,MO_085.jpg,roi_1,55,106,1890,30547.52081,277.749,206.713667,0.744246,7606.409518,52158.98081,0.145831,7524.366672,0.349288,5.547444,48600.95458,4400.312693,32853.37861,10193,8.448,46.167891,0.327861,0.310631,0.361508,16968.01493,13579.50587,3606.957611,6847.809206,11332.03502,21521.34359,632.379254,3767.933439,3,N,Mar_9,85_EX2,2.961,mg/L,40,3/9/26 22:18
86,AxxM_9,2,Antibiotic_MP,12,6,AB+MP,Presence,Absence,Absence,Presence,June_7,June_8,15.1,23.9,28.9,31.8,31.9,32.4,239.2,105.5,MO_086.jpg,roi_1,41,90,1555,22408.52335,278.511,206.713667,0.74221,5718.436592,57152.59448,0.100056,5625.300577,0.351679,5.424617,37402.33307,3562.540225,24260.18637,5483,6.396,46.050633,0.330084,0.307591,0.362325,13447.97577,8960.547578,2868.745729,4851.280562,9012.669373,15247.517,502.301547,3060.238678,2,N,Mar_5,86_EX2,0.2543,mg/L,27,3/5/26 23:42
87,AxxM_10,2,Antibiotic_MP,3,9,AB+MP,Presence,Absence,Absence,Presence,June_6,June_8,10,23.2,24.5,28.9,29.1,32.5,182.2,119,MO_087.jpg,roi_1,42,122,1570,23196.6512,278.511,206.713667,0.74221,6062.088234,56738.27362,0.106843,5938.23902,0.370902,6.858,37932.30809,4647.726136,26597.9215,6320,6.787,47.537843,0.305611,0.31611,0.378279,13220.30043,9976.350767,2819.900427,5644.392918,8859.24453,17738.67697,493.726068,4154.000068,2,N,Mar_5,87_EX2,0.4073,mg/L,28,3/5/26 23:56
88,AxxM_11,2,Antibiotic_MP,8,4,AB+MP,Presence,Absence,Absence,Presence,June_7,June_7,15.4,25.4,29,28.9,28.9,29.1,257,178.6,MO_088.jpg,roi_1,52,100,2083,30118.62684,278.511,206.121,0.740082,8103.365514,55336.30151,0.146439,8103.365514,0.376348,11.509996,48454.62376,6282.879706,35067.91771,8837,8.25,45.811402,0.32934,0.316429,0.354231,15246.94457,14871.68228,3400.951646,7759.512283,10684.51618,24383.40153,618.991508,5663.888198,2,N,Mar_5,88_EX2,0.4612,mg/L,29,3/6/26 0:11
89,xDHx_1,2,Drought_Herbicide,8,5,Untreated,Absence,Presence,Presence,Absence,June_7,June_8,6.7,16.2,21.1,21,20.9,23.3,104.1,60.4,MO_089.jpg,roi_1,20,59,1039,9878.983945,278.511,206.121,0.740082,2814.657453,52431.46593,0.053683,2742.435375,0.387032,6.350565,17503.42823,2116.815516,11862.63514,1847,5.171,47.648396,0.304066,0.313529,0.382404,5334.866116,4544.117828,1173.885375,2601.345525,3687.86967,8174.765472,212.233259,1904.582257,3,N,Mar_9,89_EX2,2.812,mg/L,41,3/9/26 22:31
90,xDHx_2,2,Drought_Herbicide,9,2,Untreated,Absence,Presence,Presence,Absence,June_6,June_7,14.1,29.4,33.4,33.1,33.1,33.4,238.7,116,MO_090.jpg,roi_1,35,73,1499,19557.35888,278.511,203.327,0.73005,5041.122534,50417.13573,0.099988,5041.122534,0.33185,3.898346,33421.44261,2305.805212,20082.74093,4776,6.195,45.453673,0.334468,0.314907,0.350625,10865.47079,8691.888085,2418.279778,3973.018866,7597.297759,12485.44317,438.89744,1866.907772,3,N,Mar_9,90_EX2,0.3078,mg/L,42,3/9/26 22:44
91,xDHx_3,2,Drought_Herbicide,7,1,Untreated,Absence,Presence,Presence,Absence,June_7,NA,10.9,21.1,25.2,25.6,26,31.6,216.6,83.2,MO_091.jpg,roi_1,31,82,1438,17048.56365,278.511,201.93,0.725034,4229.982579,53831.44879,0.078578,4165.459411,0.32241,5.317174,29631.14107,2095.025345,17028.42824,4336,5.995,46.340079,0.331922,0.298112,0.369966,10205.49073,6843.07292,2241.341902,3177.557205,7041.545081,9986.883155,402.790675,1692.23467,1,N,Mar_2,91_EX2,0.952,mg/L,17,3/2/26 14:25
92,xDHx_4,2,Drought_Herbicide,9,9,Untreated,Absence,Presence,Presence,Absence,June_7,June_7,19,32,32,31.5,31.3,31.4,190.3,138,MO_092.jpg,roi_1,53,101,1851,30139.55135,279.823333,203.665667,0.727837,6766.043816,51925.49203,0.130303,6766.043816,0.313356,5.591206,48134.28957,3522.512961,28982.79197,10153,7.257,45.604402,0.336538,0.306732,0.356729,19207.22313,10932.32822,3892.254509,5330.692101,12227.95313,16754.83884,652.050502,2870.46246,2,N,Mar_5,92_EX2,0.6351,mg/L,30,3/6/26 0:26
93,xDHx_5,2,Drought_Herbicide,6,5,Untreated,Absence,Presence,Presence,Absence,June_7,June_8,7,17.7,20.5,22.8,22.7,22.7,124.4,93,MO_093.jpg,roi_1,35,75,1422,18665.59408,281.432,204.681667,0.727286,4915.042141,54277.54557,0.090554,4826.780669,0.337427,5.521539,32362.23189,2459.552621,19485.12757,3978,6.171,45.836921,0.325655,0.324837,0.349509,10513.70426,8151.889813,2341.841493,3859.56494,7357.159804,12127.96776,424.48415,2035.06847,2,N,Mar_5,93_EX2,0.2938,mg/L,31,3/6/26 0:41
94,xDHx_6,2,Drought_Herbicide,14,3,Untreated,Absence,Presence,Presence,Absence,June_7,June_7,10.2,24.5,28.8,32.3,33.2,33.4,227.3,136.6,MO_094.jpg,roi_1,49,93,2005,27474.36152,281.432,205.570667,0.730445,7370.297087,54669.32077,0.134816,7121.960666,0.360682,5.546798,45354.03955,4157.183399,30629.08248,7345,8.18,45.096356,0.340814,0.313466,0.34572,13764.75743,13709.60409,3070.657487,6676.403092,9647.074336,20982.00815,559.271879,3597.91152,1,N,Mar_2,94_EX2,0.5959,mg/L,18,3/2/26 14:38
95,xDHx_7,2,Drought_Herbicide,12,9,Untreated,Absence,Presence,Presence,Absence,June_6,June_7,8.6,19.9,27.7,28.7,28.6,28.6,183.1,145.9,MO_095.jpg,roi_1,31,93,1286,16418.41665,281.432,206.756,0.734657,4483.512538,56587.01765,0.079232,4274.763852,0.382032,7.689766,28049.37213,3721.838275,19400.46632,3568,5.69,47.090094,0.317742,0.30497,0.377288,9153.525055,7264.89159,2042.563292,4131.956164,6417.026314,12983.44,370.81101,3351.027265,3,N,Mar_9,95_EX2,1.085,mg/L,43,3/9/26 23:00
96,xDHx_8,2,Drought_Herbicide,1,7,Untreated,Absence,Presence,Presence,Absence,June_6,NA,10.3,26.1,34.8,34.1,34.1,34.5,195.8,120.5,MO_096.jpg,roi_1,43,73,1847,20526.7107,279.696333,206.756,0.739216,5407.593127,55113.67651,0.098117,5363.202535,0.351958,5.878086,35923.26283,3338.653296,22365.0503,4523,6.814,48.192364,0.295863,0.315893,0.388244,12023.54629,8503.164403,2666.231907,4451.961643,8376.39984,13988.65046,482.542789,2856.110507,2,N,Mar_5,96_EX2,0.3386,mg/L,32,3/6/26 0:55
97,xDHx_9,2,Drought_Herbicide,3,7,Untreated,Absence,Presence,Presence,Absence,June_7,June_8,11.4,27.2,26.4,27.8,29.9,29.4,225.5,97.9,MO_097.jpg,roi_1,25,59,945,11723.51928,276.775333,203.835,0.736464,3199.873529,48535.57049,0.065928,3148.000872,0.382069,6.741508,20368.24064,2780.532053,13842.52227,2280,4.796,49.26361,0.282184,0.317435,0.400381,6794.045257,4929.474026,1493.003946,2912.525234,4690.473926,9152.048343,267.257409,2513.274644,3,N,Mar_9,97_EX2,1.258,mg/L,44,3/9/26 23:16
98,xDHx_10,2,Drought_Herbicide,16,10,Untreated,Absence,Presence,Presence,Absence,June_7,June_7,12.9,24.1,25.7,26.8,25.9,28.1,209.7,199.5,MO_098.jpg,roi_1,40,83,1844,21411.40381,276.775333,205.570667,0.742735,5904.774929,52457.90315,0.112562,5651.354289,0.379477,6.961227,35888.69368,4783.636183,25265.84651,5113,7.036,46.089855,0.325023,0.317652,0.357324,11485.44134,9925.962472,2489.510518,5551.586667,7821.123499,17444.72301,443.001188,4340.634995,3,N,Mar_9,98_EX2,3.212,mg/L,45,3/9/26 23:30
99,xDHx_11,2,Drought_Herbicide,6,7,Untreated,Absence,Presence,Presence,Absence,June_7,June_7,11.9,21.7,24.1,25.6,26.2,26.4,150.3,109.8,MO_099.jpg,roi_1,18,62,1003,10389.85724,279.696333,205.570667,0.734978,2717.620013,52551.22196,0.051714,2673.758093,0.358636,6.512732,18162.61734,2543.141278,11637.60923,2022,4.918,47.823935,0.296536,0.327634,0.37583,6052.760464,4337.096775,1302.282738,2401.626748,4091.257807,7546.351427,229.608928,2313.53235,2,N,Mar_5,99_EX2,0.2362,mg/L,33,3/6/26 1:07
100,ADxx_1,2,Antibiotic_Drought,7,10,AB,Absence,Presence,Absence,Presence,June_7,June_7,14.2,28,30.7,31.8,31.7,31.5,244.5,234.6,MO_100.jpg,roi_1,33,80,1555,17428.47391,274.997333,205.570667,0.747537,4482.448024,53335.29745,0.084043,4463.188206,0.349988,9.513233,30520.12325,4524.898995,19078.36897,3708,5.596,47.980974,0.297131,0.319006,0.383863,10609.58761,6818.886305,2297.922914,3774.044839,7219.302156,11859.06682,406.846086,4118.052909,3,N,Mar_9,100_EX2,0.3098,mg/L,46,3/9/26 23:46
101,ADxx_2,2,Antibiotic_Drought,13,3,AB,Absence,Presence,Absence,Presence,June_7,June_7,14.7,31.3,33.3,34.1,33.9,36.4,261.2,169,MO_101.jpg,roi_1,53,88,1902,29975.27713,279.061333,205.570667,0.73665,7377.680585,50710.63514,0.145486,7120.080742,0.358432,4.915044,47035.89946,5146.253844,33066.23149,10200,8.509,46.396405,0.317469,0.32305,0.359482,17463.31992,12511.95721,3623.991302,6898.548051,11385.54326,21680.68823,620.475521,4525.778324,3,N,Mar_9,101_EX2,5.23,mg/L,47,3/9/26 23:59
102,ADxx_3,2,Antibiotic_Drought,18,5,AB,Absence,Presence,Absence,Presence,June_7,June_7,12.7,22.9,22.7,23.7,23.5,28.5,216.1,164.2,MO_102.jpg,roi_1,45,89,1695,22053.33586,279.061333,205.570667,0.73665,5707.619409,56583.06067,0.100872,5112.21379,0.358547,7.552438,37697.35697,4398.763448,24447.42158,5674,7.342,47.640588,0.30629,0.311649,0.382061,12939.49943,9113.836431,2786.566417,4994.056124,8754.418683,15693.0029,492.118178,3906.64527,1,N,Mar_2,102_EX2,1.135,mg/L,19,3/2/26 14:54
103,ADxx_4,2,Antibiotic_Drought,15,10,AB,Absence,Presence,Absence,Presence,June_6,June_8,9,27.4,30,30.6,30.4,30,169.7,159.5,MO_103.jpg,roi_1,38,87,1557,19209.3501,279.061333,205.570667,0.73665,4945.276848,54876.25674,0.090117,4855.198175,0.373662,8.29258,32918.57695,4951.615938,22299.7991,4605,6.673,49.85372,0.271195,0.314377,0.414428,11777.10762,7432.242477,2456.42252,4640.281875,7717.501901,14582.2972,422.944184,4528.671755,2,N,Mar_5,103_EX2,1.421,mg/L,34,3/6/26 1:22
104,ADxx_5,2,Antibiotic_Drought,4,2,AB,Absence,Presence,Absence,Presence,June_7,June_7,10.2,10.6,10.2,13.2,17.6,27.3,148.3,30.8,MO_104.jpg,roi_1,9,55,303,4280.346489,245.999,193.421,0.786267,1153.519198,33274.81428,0.034666,1122.771948,0.338826,4.218066,7764.893189,654.232944,4502.789222,647,3.372,48.363734,0.290585,0.325612,0.383803,2600.764993,1679.581495,562.48356,870.638171,1767.094221,2735.695001,99.446553,554.786391,3,N,Mar_9,104_EX2,0.8291,mg/L,48,3/10/26 0:15
105,ADxx_6,2,Antibiotic_Drought,1,6,AB,Absence,Presence,Absence,Presence,June_6,June_7,16,27.8,33.8,33.3,32.8,33.3,266.7,206.7,MO_105.jpg,roi_1,33,75,1215,17190.86302,275.039667,203.242333,0.738956,4479.958782,51774.32029,0.086529,4373.804872,0.360976,8.864159,29825.77523,4561.686009,19315.04857,3483,5.541,46.635025,0.311001,0.330594,0.358405,10667.4473,6523.415719,2281.598987,3865.578951,7167.906148,12147.14242,400.258531,4161.427478,3,Y,NA,,,,,
106,ADxx_7,2,Antibiotic_Drought,4,4,AB,Absence,Presence,Absence,Presence,June_7,June_7,18.9,35.4,36.1,35.5,35.3,38,167.1,225.1,MO_106.jpg,roi_1,66,122,2265,37275.183,280.416,205.147333,0.731582,8579.352017,55333.92249,0.155047,8546.407638,0.331903,12.238068,58898.67866,6945.457545,38125.77947,12645,9.441,46.13314,0.325983,0.310547,0.36347,23127.87191,14147.31109,4811.795928,7320.513111,15117.03682,23008.74265,823.079887,6122.377658,2,N,Mar_5,106_EX2,1.996,mg/L,37,3/6/26 2:09
107,ADxx_8,2,Antibiotic_Drought,18,3,AB,Absence,Presence,Absence,Presence,June_6,June_7,11.2,20.8,23.7,23.6,23.5,28.9,203.8,181.4,MO_107.jpg,roi_1,50,88,1765,27236.87772,280.754667,205.020333,0.730247,7251.137827,53791.2365,0.134801,7251.137827,0.371473,9.819144,43912.90803,5025.490818,31229.06414,8112,8.162,45.568037,0.326993,0.32539,0.347617,13889.85844,13347.01927,3010.339705,6928.281502,9457.381826,21771.68232,534.843991,4490.646827,2,N,Mar_5,107_EX2,0.5671,mg/L,38,3/6/26 2:24
108,ADxx_9,2,Antibiotic_Drought,1,8,AB,Absence,Presence,Absence,Presence,June_7,June_11,12.6,26.2,27,29.4,29.4,29.5,231.1,121.7,MO_108.jpg,roi_1,42,94,1528,24376.05937,281.94,206.205667,0.731381,6475.53902,57202.77359,0.113203,6307.514267,0.372135,6.519883,39212.01279,4059.504501,27932.44768,7245,6.832,47.851645,0.301677,0.307462,0.390861,12558.74607,11817.3133,2667.911071,6221.690143,8381.546848,19550.90083,466.995815,3592.508686,3,N,Mar_9,108_EX2,0.8427,mg/L,49,3/10/26 0:30
109,ADxx_10,2,Antibiotic_Drought,14,1,AB,Absence,Presence,Absence,Presence,June_7,NA,11.1,25.1,35,34.6,34.3,35.4,316.1,189.3,MO_109.jpg,roi_1,46,86,1954,24464.25597,280.162,206.205667,0.736023,6607.965279,54441.60438,0.121377,6475.990632,0.374375,6.05411,40202.70396,4746.470073,28450.2947,7055,7.791,46.236499,0.321982,0.318813,0.359205,12424.9927,12039.26327,2748.645017,6305.700838,8635.343021,19814.95168,497.175141,4249.294932,1,N,Mar_2,109_EX2,0.4772,mg/L,20,3/2/26 15:10
110,ADxx_11,2,Antibiotic_Drought,2,2,AB,Absence,Presence,Absence,Presence,June_7,NA,12.2,26.3,29.8,32,32.4,32.6,221.5,157.9,MO_110.jpg,roi_1,43,87,1647,22952.57675,279.230667,205.020333,0.734233,5778.355827,54153.66141,0.106703,5702.338058,0.343153,6.455244,38164.03078,3624.633981,24395.74865,6435,6.867,47.054346,0.308252,0.32026,0.371488,13434.63902,9517.937722,2902.433099,4861.410472,9118.472102,15277.27655,513.747828,3110.886153,2,N,Mar_5,110_EX2,0.4647,mg/L,39,3/6/26 2:39
111,AxHx_1,2,Antibiotic_Herbicide,16,7,AB,Absence,Absence,Presence,Presence,June_7,NA,11.6,27.2,35.7,35.2,35.6,35.7,310.4,118.3,MO_111.jpg,roi_1,48,148,2163,26020.5475,283.083,205.020333,0.724241,7208.981998,58017.10977,0.124256,6978.842673,0.388005,6.028005,42962.13077,4820.684778,31100.25302,7455,8.482,45.634436,0.329175,0.321048,0.349777,12492.66021,13527.88729,2730.057847,7168.046683,8576.914098,22523.33892,491.229307,4329.45547,3,N,Mar_9,111_EX2,0.3112,mg/L,50,3/10/26 0:46
112,AxHx_2,2,Antibiotic_Herbicide,16,8,AB,Absence,Absence,Presence,Presence,June_6,NA,10.9,17.3,28,28,27.8,30.5,234.1,127.1,MO_112.jpg,roi_1,30,64,1290,15749.94962,280.754667,203.835,0.726025,3996.015305,47013.94719,0.084996,3901.646319,0.366442,7.377183,25964.26418,3923.854733,17935.26489,4291,5.62,47.192584,0.306108,0.324329,0.369563,9549.293839,6200.655781,2018.309079,3689.585238,6340.80052,11594.46437,350.999483,3572.85525,3,N,Mar_9,112_EX2,4.734,mg/L,51,3/10/26 1:03
113,AxHx_3,2,Antibiotic_Herbicide,12,5,AB,Absence,Absence,Presence,Presence,June_7,NA,9.7,28,24,27.9,27.7,27.6,180.9,105.6,MO_113.jpg,roi_1,36,90,1567,19585.91735,281.347333,204.978,0.728559,4992.031235,56624.34912,0.088161,4829.450915,0.334789,6.439678,33963.78299,2771.050487,20251.61549,4517,6.732,44.349391,0.355546,0.303685,0.340769,11825.42514,7760.492203,2530.318169,3915.282546,7949.276743,12302.33874,444.871686,2326.178801,2,N,Mar_5,113_EX2,0.299,mg/L,40,3/6/26 2:50
114,AxHx_4,2,Antibiotic_Herbicide,7,2,AB,Absence,Absence,Presence,Presence,unknown,unknown,8,,,,,,,,,,,,,,,,,,,,,,,,,,,,,,,,,,,,,,,,NA,NA,NA,,,,,
115,AxHx_5,2,Antibiotic_Herbicide,4,1,AB,Absence,Absence,Presence,Presence,June_7,June_7,8.8,21.3,30.9,32.2,32,32,211.3,98.4,MO_115.jpg,roi_1,32,74,1207,15512.50405,277.241,204.978,0.73935,3839.275476,47005.36836,0.081677,3767.384938,0.331815,6.59857,26280.50218,2458.273205,15936.02398,3640,5.349,49.03958,0.282159,0.312127,0.405714,9765.820949,5746.683097,1995.024403,3076.750921,6267.585857,9668.438127,337.953163,2120.320042,2,N,Mar_5,115_EX2,3.199,mg/L,41,3/6/26 3:06
116,AxHx_6,2,Antibiotic_Herbicide,5,7,AB,Absence,Absence,Presence,Presence,June_7,NA,8.8,17.1,20.2,24.2,23.7,24.7,132.4,50.9,MO_116.jpg,roi_1,19,71,742,9824.042792,280.754667,204.427667,0.728136,2574.161518,50811.33028,0.050661,2434.921653,0.347682,6.626215,17212.355,1670.058568,10579.98392,1741,4.45,46.930766,0.312889,0.308689,0.378422,6068.618659,3755.424133,1276.176869,2091.125538,4009.253054,6570.730861,220.535896,1449.522672,1,N,Mar_2,116_EX2,1.195,mg/L,21,3/2/26 15:23
117,AxHx_7,2,Antibiotic_Herbicide,3,8,AB,Absence,Absence,Presence,Presence,June_7,June_7,9.9,22.5,23.3,28,27.7,28.5,170.9,89.5,MO_117.jpg,roi_1,36,76,1437,20930.91866,282.532667,205.570667,0.7276,5258.270845,58059.76739,0.090567,5161.99326,0.343842,5.384827,35209.84182,3276.957549,22182.80516,5353,6.678,45.781472,0.330252,0.311097,0.358651,12323.47416,8607.444506,2544.283108,4514.867314,7993.563447,14189.24171,434.755667,2842.201882,2,N,Mar_5,117_EX2,0.5168,mg/L,42,3/6/26 3:18
118,AxHx_8,2,Antibiotic_Herbicide,10,5,AB,Absence,Absence,Presence,Presence,June_6,NA,8.9,22.6,31.9,32.3,32.4,32.3,248.6,134.4,MO_118.jpg,roi_1,30,103,1451,18041.1317,282.532667,205.570667,0.7276,4851.28062,58059.76739,0.083557,4844.872031,0.400678,12.654764,29898.05984,6966.316509,22476.62231,4493,6.365,45.71481,0.324491,0.321057,0.354452,9513.870631,8527.261073,2105.408442,5047.727423,6614.60608,15862.01623,381.511347,6584.805162,1,N,Mar_2,118_EX2,0.8697,mg/L,22,3/2/26 15:36
119,AxHx_9,2,Antibiotic_Herbicide,13,9,AB,Absence,Absence,Presence,Presence,June_6,NA,6.8,15.6,20,23.3,23.4,32.6,85,32.5,MO_119.jpg,roi_1,15,52,613,7962.895303,274.616333,200.956333,0.731771,2032.114215,48007.41115,0.042329,1981.827578,0.321895,4.203595,14212.21081,1012.04814,7945.687232,1497,4.305,48.789659,0.283879,0.31611,0.400011,4931.036975,3031.858329,1010.751567,1517.95451,3175.453079,4770.234153,171.325865,840.722275,3,N,Mar_9,119_EX2,0.05388,mg/L,52,3/10/26 1:18
120,AxHx_10,2,Antibiotic_Herbicide,11,10,AB,Absence,Absence,Presence,Presence,June_6,June_7,11.3,24.7,28,29.9,29.9,30,163.7,116.8,MO_120.jpg,roi_1,40,77,1586,22539.83865,281.982333,204.385333,0.724816,5670.936687,55024.9231,0.103061,5487.114474,0.34666,6.880957,37443.5964,3612.141499,24065.89947,6213,6.77,46.829062,0.313114,0.316343,0.370543,13420.62986,9119.208791,2874.445787,4784.657997,9030.449239,15035.45024,504.898618,3107.242881,2,N,Mar_5,120_EX2,0.2319,mg/L,43,3/6/26 3:30
121,AxHx_11,2,Antibiotic_Herbicide,10,9,AB,Absence,Absence,Presence,Presence,June_7,June_7,12.7,28.3,28.7,31.7,32.3,32.8,190.5,74.4,MO_121.jpg,roi_1,32,92,1500,17820.02055,272.499667,206.205667,0.756719,4739.295181,54417.15192,0.087092,4454.924782,0.36345,6.163827,30301.20424,3385.137883,20050.06846,4460,6.327,45.566495,0.338194,0.310679,0.351127,10196.46053,7623.560018,2257.875346,4123.342758,7093.439827,12956.62863,408.231871,2976.906012,2,N,Mar_5,121_EX2,0.1673,mg/L,44,3/6/26 3:44
122,xDHM_1,3,Drought_Herbicide_MP,16,3,MP,Presence,Presence,Presence,Absence,June_6,June_7,2.8,14.2,27.6,29.4,29.4,29.3,195.3,121.1,MO_122.jpg,roi_1,36,105,1512,22875.89845,281.389667,206.205667,0.732812,6079.557733,57257.97778,0.106178,5798.80023,0.367923,5.273857,37751.95214,4039.542786,25911.06542,5849,6.992,45.671933,0.335547,0.307971,0.356481,12279.53939,10596.35906,2590.70927,5655.998467,8139.045845,17772.01958,451.477158,3588.065628,3,N,Mar_9,122_EX2,2.027,mg/L,53,3/10/26 1:32
123,xDHM_2,3,Drought_Herbicide_MP,10,3,MP,Presence,Presence,Presence,Absence,June_7,NA,10,24.1,33.4,33.8,33.7,33.9,243.7,167.3,MO_123.jpg,roi_1,44,103,1698,25343.49285,280.246667,206.205667,0.735801,6159.806677,55344.63573,0.111299,6124.199221,0.328133,5.156332,42357.23712,3458.086721,25689.3393,6904,7.03,45.971936,0.322201,0.325722,0.352076,15443.89089,9899.601961,3237.141197,4938.393198,10169.95676,15519.38255,560.046912,2898.03981,1,N,Mar_2,123_EX2,2.4,mg/L,23,3/2/26 15:52
124,xDHM_3,3,Drought_Herbicide_MP,14,5,MP,Presence,Presence,Presence,Absence,June_6,NA,11.8,24,25.3,26.3,26.4,30.2,179.8,71.4,MO_124.jpg,roi_1,26,65,1115,14417.34065,281.432,206.205667,0.732702,3656.607382,54454.01475,0.06715,3656.607382,0.332888,4.905555,24928.74038,1949.180223,14864.15471,3184,5.6,48.36551,0.294271,0.309026,0.396703,8641.568838,5775.771811,1843.2861,2887.02923,5791.0741,9073.080605,323.532644,1625.647579,3,N,Mar_9,124_EX2,0.9102,mg/L,54,3/10/26 1:48
125,xDHM_4,3,Drought_Herbicide_MP,4,10,MP,Presence,Presence,Presence,Absence,June_7,June_6,16.6,32.4,32.8,31.7,32.1,32,198.6,155,MO_125.jpg,roi_1,49,186,1507,26756.43042,278.638,205.147333,0.73625,6585.628406,56298.52002,0.116977,6281.18457,0.339835,8.669139,44605.58699,4732.429164,28036.96476,7268,7.281,45.422849,0.335825,0.308661,0.355514,15794.37674,10962.05368,3318.065865,5605.148854,10424.04319,17612.92156,575.162753,4157.266411,3,N,Mar_9,125_EX2,0.2684,mg/L,56,3/10/26 2:16
126,xDHM_5,3,Drought_Herbicide_MP,2,6,MP,Presence,Presence,Presence,Absence,unknown,unknown,12.1,18,25.2,28.3,28.1,29.6,190,98.4,MO_126.jpg,roi_1,18,59,717,9450.348362,277.918333,205.020333,0.7377,2436.136705,52352.70981,0.046533,2303.007939,0.352913,5.881135,16483.37261,1935.834232,10360.89829,1750,4.68,50.741609,0.25861,0.314198,0.427192,5825.115194,3625.233168,1245.01661,2052.21785,3911.466188,6449.432105,217.796974,1718.037257,2,N,Mar_5,126_EX2,0.09239,mg/L,45,3/6/26 3:59
127,xDHM_6,3,Drought_Herbicide_MP,5,9,MP,Presence,Presence,Presence,Absence,June_6,June_7,9.3,19,24.3,24.3,24.4,24.2,118.7,129.6,MO_127.jpg,roi_1,46,97,1561,24703.09998,279.654,204.385333,0.730851,6216.49832,53587.09892,0.116007,6100.661634,0.347034,7.501486,40771.10131,3975.335748,26489.29493,7044,7.797,44.58732,0.351192,0.309333,0.339475,14375.49647,10327.60351,3088.323865,5341.039433,9702.491521,16786.80341,545.692762,3429.642986,1,N,Mar_2,127_EX2,0.3467,mg/L,24,3/2/26 16:07
128,xDHM_7,3,Drought_Herbicide_MP,5,10,MP,Presence,Presence,Presence,Absence,June_7,June_7,8.9,23.1,28.6,32.1,32.5,32,158.7,75.8,MO_128.jpg,roi_1,29,73,1213,17082.36247,279.654,204.385333,0.730851,3937.338003,53355.71856,0.073794,3866.696568,0.312458,6.374225,28694.63292,2157.594131,16462.70571,4593,5.691,46.658609,0.311712,0.326427,0.361862,11344.09511,5738.267361,2329.736138,2909.412421,7319.164142,9143.541569,395.14112,1762.453011,3,N,Mar_9,128_EX2,0.7548,mg/L,57,3/10/26 2:32
129,xDHM_8,3,Drought_Herbicide_MP,8,10,MP,Presence,Presence,Presence,Absence,June_7,June_7,9.7,25.5,26,29.4,28.9,28.3,176.3,127.7,MO_129.jpg,roi_1,37,99,1698,23167.28368,280.246667,205.570667,0.733535,5793.104901,51019.14438,0.113548,5750.938319,0.331571,5.956226,38994.79108,3101.782277,23713.43077,6133,7.3,43.46086,0.362006,0.32017,0.317823,13739.82272,9427.460961,2970.490394,4576.638455,9332.177605,14381.25316,526.394751,2575.387526,3,N,Mar_9,129_EX2,0.9159,mg/L,58,3/10/26 2:48
130,xDHM_9,3,Drought_Herbicide_MP,17,5,MP,Presence,Presence,Presence,Absence,June_7,NA,8.9,18.3,20.9,21.4,21.1,27.1,122.3,75.5,MO_130.jpg,roi_3,15,86,840,12377.35274,281.94,205.74,0.72973,3155.000858,56197.53187,0.056141,2977.519135,0.357351,4.442379,20818.52007,2115.646501,13634.42008,3476,5.427,46.683756,0.323137,0.304881,0.371982,6989.377983,5387.974761,1447.363264,2891.722202,4547.171699,9087.248379,248.525661,1867.12084,2,N,Mar_5,130_EX2,0.12,mg/L,46,3/6/26 4:12
131,xDHM_10,3,Drought_Herbicide_MP,18,4,MP,Presence,Presence,Presence,Absence,June_6,June_8,11.8,25.1,24.9,28.5,28.9,30,165.5,91.9,MO_131.jpg,roi_3,39,129,1458,21288.98476,281.94,205.74,0.72973,4957.602988,57298.85404,0.086522,4957.602988,0.320214,7.004855,35721.15127,2601.417681,20981.64589,6434,7.193,46.379756,0.321143,0.315921,0.362936,13309.45436,7979.530401,2793.408257,3883.621211,8776.188007,12205.45789,483.494625,2117.923056,3,N,Mar_9,131-EX2,0.5007,mg/L,59,3/10/26 3:04
132,xDHM_11,3,Drought_Herbicide_MP,9,8,MP,Presence,Presence,Presence,Absence,June_7,June_7,9.5,22,26.3,29,28.8,29,145.3,87,MO_132.jpg,roi_3,37,86,1455,19740.27977,281.982333,208.068333,0.737877,4834.386389,58494.54251,0.082647,4699.721783,0.339696,4.243481,34427.25275,3315.391636,20589.25004,4782,6.694,48.079372,0.303524,0.306522,0.389954,12935.97323,6804.306543,2725.449505,3827.508534,8562.356038,12026.89401,472.077022,2843.314615,2,N,Mar_5,132_EX2,0.9236,mg/L ,47,3/6/26 4:28
133,ADxM_1,3,Antibiotic_Drought_MP,17,7,AB+MP,Presence,Presence,Absence,Presence,June_7,June_10,13.5,15.1,16.6,19.2,19.1,21.5,55.2,61.3,MO_133.jpg,roi_3,8,38,514,4918.94801,252.814667,180.086,0.712324,1510.410958,33722.79008,0.044789,1482.724633,0.431395,4.338702,8403.183527,1429.837422,6614.880179,916,3.553,43.879719,0.340675,0.344374,0.31495,2529.202185,2389.745825,543.87801,1561.470275,1708.64316,4906.237019,96.697698,1333.139724,3,N,Mar_9,133_EX2,-0.1024,mg/L,60,3/10/26 3:20
134,ADxM_2,3,Antibiotic_Drought_MP,14,6,AB+MP,Presence,Presence,Absence,Presence,June_7,June_7,11.4,20.9,22.9,27.7,27.5,30.4,165.4,57.1,MO_134.jpg,roi_3,29,80,1125,14925.71831,279.654,205.74,0.735695,3616.919289,55661.11986,0.064981,3448.586293,0.305017,4.096502,26887.7465,1524.201262,14102.68189,3069,5.945,48.678879,0.28942,0.306533,0.404046,9734.290078,5191.428233,2049.84867,2438.479389,6439.940358,7662.741527,356.914385,1167.286876,3,N,Mar_9,134_EX2,0.1822,mg/L,61,3/10/26 3:32
135,ADxM_3,3,Antibiotic_Drought_MP,9,6,AB+MP,Presence,Presence,Absence,Presence,June_6,June_9,3,6.3,11.8,19.8,19.7,20.5,37.2,16.8,MO_135.jpg,roi_3,8,32,276,4056.880878,270.721667,193.421,0.714464,1044.865294,40941.07224,0.025521,894.872762,0.322956,4.064882,7362.928883,505.360908,4050.824555,708,3.566,47.533595,0.291531,0.337177,0.371292,2529.387646,1527.493232,524.947521,764.397565,1649.234068,2401.590487,89.940281,415.420627,2,N,Mar_5,135_EX2,0.3009,mg/L,48,3/6/26 4:44
136,ADxM_4,3,Antibiotic_Drought_MP,2,10,AB+MP,Presence,Presence,Absence,Presence,June_7,NA,13.5,24.8,26.6,28.8,28.9,30.2,195.9,86.4,MO_136.jpg,roi_3,27,58,1095,13710.85488,279.654,203.454,0.72752,3331.69943,48959.35817,0.06805,2981.270023,0.331324,5.864045,23875.66216,2461.102948,14059.66073,3164,5.523,47.691237,0.300599,0.320924,0.378477,9196.517894,4514.336988,1922.745792,2551.768796,6040.598109,8019.062621,331.316435,2129.786512,1,N,Mar_2,136_EX2,0.02244,mg/L,25,3/2/26 16:23
137,ADxM_5,3,Antibiotic_Drought_MP,13,2,AB+MP,Presence,Presence,Absence,Presence,June_7,NA,13.2,24.9,31.4,32.6,32.1,32,132.1,168.5,MO_137.jpg,roi_3,50,97,1780,27789.13559,281.982333,206.883,0.733674,7168.306452,58316.65756,0.12292,6958.453825,0.364717,6.984359,45232.46488,5197.858172,31261.96497,8364,8.259,47.1576,0.311188,0.316286,0.372526,15158.6155,12630.5201,3290.432831,6657.654647,10337.77514,20924.18983,586.284071,4611.574101,2,N,Mar_5,137_EX2,1.232,mg/L,49,3/6/26 4:57
138,ADxM_6,3,Antibiotic_Drought_MP,14,7,AB+MP,Presence,Presence,Absence,Presence,June_7,June_8,13.6,26,26.2,27.3,27.3,31.7,187.9,105.8,MO_138.jpg,roi_3,43,82,1568,23113.72024,281.982333,206.883,0.733674,6194.012702,58316.65756,0.106213,6110.272726,0.370859,5.628901,38122.51443,3700.954205,26448.27642,6831,7.734,46.466272,0.32177,0.313862,0.364368,11443.09021,11670.63003,2552.459097,5864.358491,8019.115336,18429.16108,466.395425,3234.55878,2,Y,Mar_5,138_EX2,17.15,mg/L,50,3/6/26 5:15
139,ADxM_7,3,Antibiotic_Drought_MP,13,8,AB+MP,Presence,Presence,Absence,Presence,June_7,June_7,15.7,30.4,35.1,34.5,36.1,35,296.4,122.8,MO_139.jpg,roi_3,39,106,1754,24930.79941,280.119667,206.290333,0.736436,5779.212456,55555.28047,0.104026,5584.132201,0.322172,5.363485,40939.39519,3791.640316,24799.32065,7936,6.916,48.234108,0.303082,0.298004,0.398915,16681.24098,8249.558424,3471.485207,4420.32462,10906.28249,13893.03816,592.873439,3198.766876,3,N,Mar_9,139_EX2,0.2793,mg/L,62,3/10/26 3:48
140,ADxM_8,3,Antibiotic_Drought_MP,9,5,AB+MP,Presence,Presence,Absence,Presence,June_7,June_7,14.8,27,28.6,28.6,28.4,28.2,135.7,231.2,MO_140.jpg,roi_3,52,110,2080,30428.76164,280.839333,206.248,0.734399,7253.621693,53674.27796,0.135141,6985.923304,0.349039,8.873858,47918.25213,5987.310493,32770.66133,10416,7.996,46.804243,0.319856,0.306558,0.373586,17927.69394,12501.06771,3639.355604,6789.224255,11433.73035,21336.93098,613.381679,5373.928813,NA,NA,NA,,,,,
141,ADxM_9,3,Antibiotic_Drought_MP,13,4,AB+MP,Presence,Presence,Absence,Presence,June_7,June_7,15,30.3,32.5,34.5,34.3,34.1,224.6,187,MO_141.jpg,roi_3,46,178,2037,26154.57268,280.839333,207.433333,0.738619,6589.067467,57483.76944,0.114625,6211.30299,0.356308,9.46337,43348.47325,5514.854543,28840.99473,7451,8.17,48.156114,0.297312,0.311233,0.391456,15405.07881,10749.49387,3280.267345,5898.475582,10305.55818,18535.43655,575.264209,4939.590334,1,N,Mar_2,141_EX2,0.4301,mg/L,26,3/2/26 16:39
142,ADxM_10,3,Antibiotic_Drought_MP,18,1,AB+MP,Presence,Presence,Absence,Presence,June_7,June_7,15.9,26.1,33.7,33.5,33.4,33.4,244,222.6,MO_142.jpg,roi_3,60,97,2058,30822.2134,278.511,207.433333,0.744794,7328.897529,57140.66887,0.128261,7264.148554,0.341148,6.466893,49274.96442,4908.849951,32375.97945,10558,8.537,47.950197,0.303302,0.311046,0.385652,18396.14023,12426.07318,3874.954508,6428.104793,12173.88905,20202.0904,671.580277,4237.269674,3,N,Mar_9,142_EX2,0.5567,mg/L,63,3/10/26 4:04
143,ADxM_11,3,Antibiotic_Drought_MP,18,2,AB+MP,Presence,Presence,Absence,Presence,June_6,June_7,11.9,19.2,21.2,25.9,25.6,28,134.5,101.6,MO_143.jpg,roi_3,37,88,1366,20221.06169,279.654,206.883,0.739782,4900.934643,57152.84537,0.085751,4678.915373,0.329381,6.966374,34920.00666,3125.567078,20548.79886,5028,6.487,47.91983,0.302164,0.312064,0.385772,13012.08306,7208.978622,2686.869827,3852.341912,8441.296892,12107.50197,458.218524,2667.348554,2,N,Mar_5,143_EX2,0.7396,mg/L,51,3/6/26 5:31
144,AxHM_1,3,Antibiotic_Herbicide_MP,2,5,AB+MP,Presence,Absence,Presence,Presence,June_6,June_8,14.4,29.4,38.8,38.4,37.9,38.9,397.4,250.6,MO_144.jpg,roi_1,76,129,2988,42224.7261,278.638,205.147333,0.73625,9408.445341,55051.49294,0.170903,9345.04941,0.319016,8.33397,67005.2824,6019.117572,41445.23952,14909,10.06,45.969241,0.329271,0.312296,0.358433,26511.6656,15713.0605,5309.670463,7878.607142,16681.15748,24764.08204,886.712349,5132.405223,3,N,Mar_9,144_EX2,1.062,mg/L,64,3/10/26 4:20
145,AxHM_2,3,Antibiotic_Herbicide_MP,13,7,AB+MP,Presence,Absence,Presence,Presence,June_6,June_7,7,16.1,25.5,26,26.5,30.1,153.1,81.1,MO_145.jpg,roi_3,34.5,72,1234,16609.51135,279.654,206.883,0.739782,4094.615467,53390.23641,0.076692,3989.337899,0.340162,8.093088,28949.69956,3373.474308,17503.25295,3690,6.087,49.158295,0.283152,0.309295,0.407553,10841.41203,5768.099316,2176.596567,3393.850674,6838.139027,10665.11392,362.988471,3010.485837,3,Y,Mar_9,145_EX2,8.147,mg/L,65,3/10/26 4:37
146,AxHM_3,3,Antibiotic_Herbicide_MP,6,9,AB+MP,Presence,Absence,Presence,Presence,unknown,unknown,3,8.7,15.4,28.8,28.9,28.5,117,52.5,MO_146.jpg,roi_3,28,140,1050,14785.19045,283.167667,206.883,0.730602,4060.83238,56685.49505,0.071638,3746.234443,0.387821,4.170209,25582.37109,3000.823423,17610.07639,3541,6.064,47.691423,0.297657,0.321276,0.381066,8280.77101,6504.419436,1728.168213,3876.704416,5429.225739,12180.85065,298.869515,2701.953908,1,N,Mar_2,146_EX2,0.02787,mg/L,27,3/2/26 16:55
147,AxHM_4,3,Antibiotic_Herbicide_MP,2,1,AB+MP,Presence,Absence,Presence,Presence,June_6,June_7,7.7,18,25.3,26.3,26,30.2,175.5,90.1,MO_147.jpg,roi_3,35,89,1402,19017.28032,279.611667,206.883,0.739894,4664.953036,53948.46468,0.086471,4588.962148,0.335719,5.568081,32481.16635,2937.759621,19690.71164,4655,5.735,46.477916,0.324282,0.308677,0.367041,12004.52098,7012.759337,2419.33291,3847.231432,7600.615525,12090.09611,404.913528,2532.846093,3,N,Mar_9,147_EX2,0.1454,mg/L,66,3/10/26 4:53
148,AxHM_5,3,Antibiotic_Herbicide_MP,7,6,AB+MP,Presence,Absence,Presence,Presence,June_7,June_7,9.2,14,19.6,23.4,23.1,26.8,159.3,165.6,MO_148.jpg,roi_3,47,85,1700,23859.9688,279.611667,206.883,0.739894,6224.457085,56351.25199,0.110458,6126.392765,0.370926,7.184205,39742.43834,5161.711143,27405.44928,6770,7.788,46.39004,0.323103,0.314986,0.36191,13463.23909,10396.72971,2773.675156,5948.131903,8713.989361,18691.45992,475.123173,4686.58797,3,N,Mar_9,148_EX2,0.3722,mg/L,67,3/10/26 5:06
149,AxHM_6,3,Antibiotic_Herbicide_MP,11,4,AB+MP,Presence,Absence,Presence,Presence,June_6,June_9,8.9,20.1,19.8,23.5,23.6,23.6,143.9,72.7,MO_149.jpg,roi_3,22,66,1095,13529.8157,279.019,206.332667,0.739493,3381.113309,56104.90302,0.060264,3276.323196,0.331357,7.125091,23795.7438,2442.65864,13882.29316,2879,5.312,45.1317,0.349371,0.300591,0.350038,8507.406407,5022.40929,1678.031821,2740.307037,5272.001019,8610.292139,277.347698,2165.310941,2,N,Mar_5,149_EX2,0.09719,mg/L,52,3/6/26 5:46
150,AxHM_7,3,Antibiotic_Herbicide_MP,15,5,AB+MP,Presence,Absence,Presence,Presence,June_6,June_7,8.9,24,33.6,34.1,33.9,34,307.1,251.6,MO_150.jpg,roi_3,49,101,1988,27513.65681,283.083,206.332667,0.728877,7174.043,57910.13687,0.123882,6564.209094,0.397695,8.254891,44088.79379,8374.254244,33735.52112,8427,8.072,46.886181,0.315692,0.309714,0.374594,16033.80901,11479.8478,3367.330258,7369.075013,10579.08515,23156.43598,582.644578,7791.609665,1,Y,Mar_2,150_EX2,1.73,mg/L,28,3/2/26 17:07
151,AxHM_8,3,Antibiotic_Herbicide_MP,1,3,AB+MP,Presence,Absence,Presence,Presence,June_8,NA,6.8,15.4,26.5,26.1,26.3,34.7,144.7,100.8,MO_151.jpg,roi_3,41,81,1429,22093.02014,281.897667,206.332667,0.731942,5337.70617,57725.44727,0.092467,5112.982606,0.333125,8.636415,37704.12124,4094.084028,22664.9311,5712,6.727,45.182771,0.338462,0.317026,0.344512,14416.03675,7676.983386,2873.741374,4339.34505,9028.363654,13636.56745,477.932672,3616.151357,3,N,Mar_9,151_EX2,0.2646,mg/L,68,3/10/26 5:21
152,AxHM_9,3,Antibiotic_Herbicide_MP,16,9,AB+MP,Presence,Absence,Presence,Presence,June_7,June_7,10.2,20.1,24.1,30.8,30.3,30.6,186.3,67.7,MO_152.jpg,roi_3,29,58,1103,14887.86062,280.712333,206.332667,0.735032,3603.186342,56898.14964,0.063327,3505.614853,0.343306,6.461903,25336.35412,2862.533626,15832.21915,3762,5.643,49.213394,0.283911,0.307202,0.408887,9764.350336,5123.510279,1979.217435,3058.666873,6218.086045,9614.1331,331.406746,2531.12688,2,N,Mar_5,152_EX2,-0.1191,mg/L,53,3/6/26 6:02
153,AxHM_10,3,Antibiotic_Herbicide_MP,8,9,AB+MP,Presence,Absence,Presence,Presence,June_7,June_8,9.7,22.7,26.5,28.9,29.1,28.9,195.8,137,MO_153.jpg,roi_3,48,95,1842,26610.71796,277.791333,206.332667,0.742761,6500.383057,53654.36402,0.121153,6412.782873,0.353016,7.63175,42957.89846,5179.762044,28979.74309,8157,7.27,45.517592,0.334869,0.316334,0.348797,16208.98218,10401.73578,3329.371156,5892.993547,10459.73757,18520.00553,566.262661,4613.499383,2,N,Mar_5,153_EX2,0.3516,mg/L,54,3/6/26 6:18
154,AxHM_11,3,Antibiotic_Herbicide_MP,11,6,AB+MP,Presence,Absence,Presence,Presence,June_6,June_7,6.7,11.2,14,14,17.7,25.6,151.6,122.8,MO_154.jpg,roi_3,38,72,1337,20700.38328,281.305,206.332667,0.733484,5466.517741,55314.20926,0.098827,5372.320797,0.376707,6.096,34229.72822,4328.109225,24095.95984,5654,6.54,46.088106,0.332196,0.306909,0.360895,11246.82748,9453.555799,2374.013671,5294.236095,7458.320557,16637.63928,414.680149,3913.429076,3,N,Mar_9,154_EX2,0.9396,mg/L,69,3/10/26 5:37
155,ADHx_1,3,Antibiotic_Drought_Herbicide,15,6,AB,Absence,Presence,Presence,Presence,June_6,June_7,11.1,24.6,29.4,31.5,31.2,31.1,124.2,140.9,MO_155.jpg,roi_3,16,73,944,11493.90342,282.405667,204.554667,0.724329,3232.34479,57731.32271,0.055989,2868.38136,0.396459,7.44778,20051.0512,3115.176296,14082.42125,2423,5.238,46.368868,0.322612,0.309741,0.367647,6702.149456,4791.753958,1412.76497,3069.296463,4438.420925,9644.000322,245.90905,2869.267247,2,N,Mar_5,155_EX2,-0.02983,mg/L,55,3/6/26 6:33
156,ADHx_2,3,Antibiotic_Drought_Herbicide,12,8,AB,Absence,Presence,Presence,Presence,June_7,NA,9.1,21.4,26.8,28.3,28.3,29.4,224.5,133.5,MO_156.jpg,roi_3,29,63,1152,14765.33024,281.220333,204.554667,0.727382,3833.004879,55386.89819,0.069204,3652.596637,0.351046,6.667198,25725.84006,3028.825645,16084.86131,3291,5.61,46.183498,0.323898,0.323207,0.352895,8947.712939,5817.617297,1953.138253,3166.213234,6136.082599,9948.778714,349.047109,2679.778536,NA,NA,NA,,,,,
157,ADHx_3,3,Antibiotic_Drought_Herbicide,10,1,AB,Absence,Presence,Presence,Presence,June_6,June_8,5.9,16.3,17.5,24.1,24.3,25.9,134,91.9,MO_157.jpg,roi_3,36,108,1229,18462.61002,281.220333,205.147333,0.72949,4848.221486,56752.89008,0.085427,4587.70767,0.359776,3.81,31356.88779,3124.95941,20493.98461,4738,6.547,46.753542,0.316636,0.31522,0.368144,10598.07025,7864.539772,2249.162763,4272.318446,7066.385427,13427.59918,393.914643,2731.044767,3,N,Mar_9,157_EX2,0.1649,mg/L,70,3/10/26 5:53
158,ADHx_4,3,Antibiotic_Drought_Herbicide,15,9,AB,Absence,Presence,Presence,Presence,June_7,June_8,13,30.4,32.5,32.3,32,32,183.3,117.9,MO_158.jpg,roi_3,33,181,1460,17658.32327,281.220333,201.633667,0.716995,4589.76143,54615.33342,0.084038,4372.519929,0.360323,6.929231,30525.68646,3845.831937,19780.77539,4464,6.66,47.289203,0.300036,0.323981,0.375983,10243.73899,7414.584279,2196.097241,4098.288022,6899.429965,12881.34542,388.014547,3457.817389,3,N,Mar_9,158_EX2,0.1743,mg/L,71,3/10/26 6:06
159,ADHx_5,3,Antibiotic_Drought_Herbicide,12,2,AB,Absence,Presence,Presence,Presence,June_6,June_7,12.8,24.7,25.6,26.1,25.5,31.6,206.5,82.3,MO_159.jpg,roi_3,34,66,1163,17074.94782,281.813,203.411667,0.721797,4016.162219,54845.55966,0.073227,3877.30945,0.306595,5.68781,29779.58806,2077.660984,16166.88599,3843,5.74,47.313424,0.307115,0.313806,0.379079,11434.38341,5640.564417,2402.906866,2742.235571,7549.371135,8617.514855,415.051769,1662.609215,2,N,Mar_5,159_EX2,-0.113,mg/L,56,3/6/26 6:49
160,ADHx_6,3,Antibiotic_Drought_Herbicide,3,4,AB,Absence,Presence,Presence,Presence,June_6,June_7,13.7,28.5,28.5,27.8,29.6,40.9,299.8,83,MO_160.jpg,roi_3,29,62,1127,15127.52163,281.813,206.375,0.732312,3766.617915,55633.27225,0.067704,3304.665434,0.342427,7.200152,26990.25445,3291.40657,16055.11998,2931,5.971,47.288934,0.312767,0.31031,0.376923,9774.823673,5352.697955,2101.578545,3008.701632,6602.303718,9452.81626,370.79756,2920.609009,NA,NA,NA,,,,,
161,ADHx_7,3,Antibiotic_Drought_Herbicide,2,9,AB,Absence,Presence,Presence,Presence,June_7,NA,17.2,34.1,35.2,35.1,34.9,35,185.3,156.6,MO_161.jpg,roi_3,52,109,1857,31715.65409,281.813,205.189667,0.728106,7808.670763,55462.9966,0.140791,7730.486331,0.356568,7.196667,49059.23848,4826.521471,34726.1869,11076,8.448,45.932027,0.330064,0.310514,0.359422,17389.64241,14326.01168,3643.546637,7406.209615,11447.138,23279.0489,630.283157,4196.238313,1,N,Mar_2,161_EX2,1.059,mg/L,29,3/2/26 17:23
162,ADHx_8,3,Antibiotic_Drought_Herbicide,11,9,AB,Absence,Presence,Presence,Presence,June_7,NA,11.8,24.2,29.8,32,32,32.3,158.8,141,MO_162.jpg,roi_3,31,135,1332,17460.07868,281.813,205.782333,0.730209,4534.92283,57554.67521,0.078793,4369.813841,0.357249,9.507581,29597.23174,3583.722395,19273.91982,4485,6.082,45.816657,0.322962,0.325533,0.351505,9754.884652,7705.194029,2108.407059,4025.529784,6623.88728,12650.03254,373.810379,3209.912016,1,N,Mar_2,162_EX2,0.1011,mg/L,30,3/2/26 17:39
163,ADHx_9,3,Antibiotic_Drought_Herbicide,6,8,AB,Absence,Presence,Presence,Presence,June_6,June_9,9.4,19.4,32.1,32.3,32.2,32.3,218.9,116.6,MO_163.jpg,roi_3,47,136,1796,24970.61685,281.813,207.518,0.736368,6431.155596,58460.55691,0.110008,6258.507196,0.36223,6.364095,42172.08171,4651.275653,27784.64837,6329,7.518,46.59611,0.322089,0.309191,0.36872,14603.34646,10367.27039,3164.045231,5678.162906,9940.399802,17844.24857,560.930871,4090.344782,3,N,Mar_9,163_EX2,1.193,mg/L,72,3/10/26 6:22
164,ADHx_10,3,Antibiotic_Drought_Herbicide,4,7,AB,Absence,Presence,Presence,Presence,June_8,June_8,5.4,11.2,15.8,17.3,19.5,26.2,70.3,37.6,MO_164.jpg,roi_3,11,42,521,6854.773829,279.484667,189.865,0.67934,1926.933422,43578.98005,0.044217,1882.709496,0.363587,4.0152,12096.50395,1100.628061,7730.9756,1263,4.134,46.105237,0.322763,0.321068,0.356169,3656.16947,3198.604359,782.193729,1678.288918,2457.334071,5273.641529,137.789447,962.838614,3,N,Mar_9,164_EX2,-0.1863,mg/L,55,3/10/26 2:03
165,ADHx_11,3,Antibiotic_Drought_Herbicide,1,4,AB,Absence,Presence,Presence,Presence,June_7,June_7,9.3,23.5,25.2,27.6,27.6,30.7,213,187.7,MO_165.jpg,roi_3,38,109,1904,24568.77023,282.532667,205.189667,0.726251,6768.02589,54858.03365,0.123373,6547.284396,0.40352,6.250441,39135.55284,5760.084441,30641.39894,8038,7.612,45.299847,0.332159,0.320055,0.347786,11781.97487,12786.79536,2559.642708,7191.702427,8041.649732,22599.7492,458.527626,5301.556815,2,N,Mar_5,165_EX2,0.4496,mg/L,57,3/6/26 7:02
166,ADHM_1,4,Antibiotic_Drought_Herbicide_MP,16,2,AB+MP,Presence,Presence,Presence,Presence,June_7,June_7,10.5,22.2,35.1,35.1,35.3,35,267.1,193.5,MO_166.jpg,roi_3,47,157,1778,26330.66018,282.532667,205.232,0.726401,6973.093581,57120.00046,0.122078,6925.52916,0.385006,13.092435,42585.66839,7291.751355,31408.34537,7778,7.932,44.849646,0.343763,0.312819,0.343418,14299.36892,12031.29126,3061.626221,6933.932045,9618.561371,21789.784,540.005762,6751.745592,3,Y,Mar_9,166_EX2,42.6,mg/L,73,3/10/26 6:40
167,ADHM_2,4,Antibiotic_Drought_Herbicide_MP,1,5,AB+MP,Presence,Presence,Presence,Presence,June_7,June_7,8.6,21.7,27.1,33.6,33.5,35.2,223.2,88.7,MO_167.jpg,roi_3,29,112,1366,19966.19828,282.532667,205.232,0.726401,5127.34996,57964.09733,0.088457,5127.34996,0.369774,5.442427,32570.61443,4073.184329,22705.92892,5820,6.534,43.426947,0.366084,0.30702,0.326896,11377.56343,8588.63485,2330.820976,4895.630711,7322.618299,15383.31062,396.807075,3676.377254,2,N,Mar_5,167_EX2,0.06247,mg/L,58,3/6/26 7:18
168,ADHM_3,4,Antibiotic_Drought_Herbicide_MP,5,2,AB+MP,Presence,Presence,Presence,Presence,June_7,NA,10.3,25,30.4,33.3,33.6,34.4,221.3,168.2,MO_168.jpg,roi_3,46,92,1806,25264.85655,280.797,205.232,0.730891,6405.302602,55353.10793,0.115717,6257.801104,0.355524,6.475201,41219.52232,4611.49769,27809.23415,7418,7.684,46.377018,0.323054,0.308615,0.368331,14373.37524,10891.48131,3114.089526,5735.863543,9783.330756,18025.9034,553.253642,4058.244048,3,N,Mar_9,168_EX2,0.9223,mg/L,74,3/10/26 6:55
169,ADHM_4,4,Antibiotic_Drought_Herbicide_MP,16,4,AB+MP,Presence,Presence,Presence,Presence,June_7,NA,10.1,23,26.9,26.7,26.3,30.1,259.3,150.4,MO_169.jpg,roi_3,47,101,1859,26141.47465,279.654,206.967667,0.740085,6782.572456,57858.73733,0.117226,6457.612533,0.375722,6.558798,42826.02608,5935.436538,30394.61056,7565,7.636,46.578822,0.319551,0.314262,0.366187,14949.53802,11191.93664,3161.17341,6511.084328,9931.402887,20463.20767,550.174337,5385.262201,2,N,Mar_5,169_EX2,0.3567,mg/L,59,3/6/26 7:34
170,ADHM_5,4,Antibiotic_Drought_Herbicide_MP,9,10,AB+MP,Presence,Presence,Presence,Presence,June_6,June_7,7.9,22.7,26.9,31.8,30.4,30.7,200.7,163.9,MO_170.jpg,roi_3,47,94,1991,25085.32288,279.654,206.967667,0.740085,6465.121478,57858.73733,0.11174,6219.786844,0.375606,7.209107,41805.33412,6179.187473,29289.77866,7111,8.213,46.073182,0.326762,0.314591,0.358647,14406.72775,10678.59514,3086.658192,6234.037259,9697.633841,19592.14481,543.75447,5635.433003,2,N,Mar_5,170_EX2,0.9129,mg/L,60,3/6/26 7:50
171,ADHM_6,4,Antibiotic_Drought_Herbicide_MP,14,2,AB+MP,Presence,Presence,Presence,Presence,June_7,June_7,8.3,19.4,22.5,27.3,27.2,32.4,134.8,110.5,MO_171.jpg,roi_3,32,71,1443,16152.88952,276.606,206.375,0.746097,4302.60609,51562.59849,0.083444,4213.867916,0.35302,5.941767,27693.84265,2736.372078,17654.16526,3796,6.126,47.550685,0.306536,0.309703,0.383761,9440.552416,6712.337101,1928.377593,3690.276151,6058.302194,11595.86307,328.05611,2408.315968,3,N,Mar_9,171_EX2,0.5706,mg/L,75,3/10/26 7:08
172,ADHM_7,4,Antibiotic_Drought_Herbicide_MP,12,7,AB+MP,Presence,Presence,Presence,Presence,June_7,NA,14.1,27.8,32.2,31.8,31.8,33,329.5,180.7,MO_172.jpg,roi_3,44,102,2041,25967.46225,280.839333,206.375,0.734851,7393.157257,53074.86697,0.139297,7268.259657,0.411613,7.458359,40720.67952,5783.546207,33024.74269,8586,8.516,46.650681,0.315522,0.318364,0.366114,11291.34045,14676.1218,2487.805291,8021.84629,7815.909364,25208.83333,451.909264,5331.636943,2,N,Mar_5,172_EX2,0.7433,mg/L,61,3/6/26 8:06
173,ADHM_8,4,Antibiotic_Drought_Herbicide_MP,17,10,AB+MP,Presence,Presence,Presence,Presence,June_7,June_7,8.7,19.3,26.3,27.8,27.4,29.6,198.3,132.8,MO_173.jpg,roi_3,33,96,1495,19874.85077,280.035,205.74,0.734694,5555.669892,53297.72315,0.104238,5351.652379,0.389948,6.013122,33043.47316,4324.895518,23949.21774,5225,6.727,46.894291,0.311128,0.319395,0.369477,10307.08244,9567.768331,2204.354531,5417.765542,6925.381437,17023.83631,388.540217,3936.355301,1,N,Mar_2,173_EX2,0.2895,mg/L,31,3/2/26 17:55
174,ADHM_9,4,Antibiotic_Drought_Herbicide_MP,6,2,AB+MP,Presence,Presence,Presence,Presence,June_7,June_8,9.4,21,30.5,32.9,32.1,32.5,294.3,177.6,MO_174.jpg,roi_3,52,90,2082,30347.32496,281.474333,206.883,0.734998,8089.503534,57843.16747,0.139852,7957.702723,0.39212,5.158417,47587.11251,6074.416534,36741.68355,10238,9.479,45.647279,0.331378,0.322238,0.346383,15130.06298,15217.26198,3312.258002,8379.936107,10406.33512,26335.34844,595.486761,5478.929773,1,N,Mar_2,174_EX2,0.7949,mg/L,32,3/2/26 18:12
175,ADHM_10,4,Antibiotic_Drought_Herbicide_MP,8,8,AB+MP,Presence,Presence,Presence,Presence,June_7,June_7,12.6,28.5,28.2,28.2,27.8,32,301,229.1,MO_175.jpg,roi_1,63,130,2682,39204.70187,279.230667,205.147333,0.734688,8796.563052,52542.35907,0.167419,8553.025905,0.325256,7.754746,61720.29333,6296.691894,39260.90806,14489,10.019,44.442897,0.351024,0.309207,0.339769,24553.05714,14651.64473,4929.395738,7563.987122,15486.54831,23774.35975,822.109072,5474.582822,3,N,Mar_9,175_EX2,1.134,mg/L,76,3/10/26 7:25
176,ADHM_11,4,Antibiotic_Drought_Herbicide_MP,13,5,AB+MP,Presence,Presence,Presence,Presence,June_6,June_7,12.1,29.5,40.7,40.7,40.6,41.3,220.7,161.5,MO_176.jpg,roi_3,50,101,1762,28373.21554,279.738667,205.74,0.735472,7244.198773,55827.15985,0.129761,7244.198773,0.373404,6.705258,44065.62506,5560.51744,32624.52907,9573,7.585,46.653786,0.318425,0.310505,0.37107,15887.37516,12485.84038,3352.766963,7029.63649,10533.32104,22091.20803,581.714543,4978.802897,3,N,Mar_9,176_EX2,0.4904,mg/L,77,3/10/26 7:38
177,EXNEG1,0,Negative_Control,,,,Absence,Absence,Absence,Absence,,,,,,,,,,,,,,,,,,,,,,,,,,,,,,,,,,,,,,,,,,,,,,,,,,
178,EXNEG2,0,Negative_Control,,,,Absence,Absence,Absence,Absence,,,,,,,,,,,,,,,,,,,,,,,,,,,,,,,,,,,,,,,,,,,,,,,,,,
179,EXNEG3,0,Negative_Control,,,,Absence,Absence,Absence,Absence,,,,,,,,,,,,,,,,,,,,,,,,,,,,,,,,,,,,,,,,,,,,,,,,,,
180,PCRNEG1,0,Negative_Control,,,,Absence,Absence,Absence,Absence,,,,,,,,,,,,,,,,,,,,,,,,,,,,,,,,,,,,,,,,,,,,,,,,,,
181,EXNEG4,0,Negative_Control,,,,Absence,Absence,Absence,Absence,,,,,,,,,,,,,,,,,,,,,,,,,,,,,,,,,,,,,,,,,,,,,,,,,,
182,EXNEG5,0,Negative_Control,,,,Absence,Absence,Absence,Absence,,,,,,,,,,,,,,,,,,,,,,,,,,,,,,,,,,,,,,,,,,,,,,,,,,
183,EXNEG6,0,Negative_Control,,,,Absence,Absence,Absence,Absence,,,,,,,,,,,,,,,,,,,,,,,,,,,,,,,,,,,,,,,,,,,,,,,,,,
184,EXNEG7,0,Negative_Control,,,,Absence,Absence,Absence,Absence,,,,,,,,,,,,,,,,,,,,,,,,,,,,,,,,,,,,,,,,,,,,,,,,,,
185,EXNEG8 ,0,Negative_Control,,,,Absence,Absence,Absence,Absence,,,,,,,,,,,,,,,,,,,,,,,,,,,,,,,,,,,,,,,,,,,,,,,,,,
186,PCRNEG2,0,Negative_Control,,,,Absence,Absence,Absence,Absence,,,,,,,,,,,,,,,,,,,,,,,,,,,,,,,,,,,,,,,,,,,,,,,,,,